,,,,,,,,,Touches,Touches,Touches,Touches,Touches,Touches,Touches,Dribbles,Dribbles,Dribbles,Dribbles,Dribbles,Carries,Carries,Carries,Carries,Carries,Carries,Carries,Carries,Receiving,Receiving,Receiving,Receiving,
Rk,Name,,Nation,Pos,Squad,Age,Born,90s,Touches,Touches Def Pen,Touches Def 3rd,Touches Mid 3rd,Touches Att 3rd,Touches Att Pen,Touches Live,Succ Drib,Att Drib,Succ% Drib,Drib Past,Megs,Carries,TotDist Carried,PrgDist Carried,Prog Carries,Carries into Att 3rd,Carries into PA,Miscontrol,Dispossessed,Targ,Rec,Rec%,Prog Rec,Matches
1,Max Aarons,,eng ENG,DF,Norwich City,22-078,2000,26.6,1557,135,611,654,402,24,1277,29,68,42.6,31,5,897,5249,3180,137,41,11,22,25,961,864,89.9,34,Matches
2,Che Adams,,sct SCO,FW,Southampton,25-253,1996,18.3,595,25,83,248,292,82,585,10,23,43.5,12,0,376,1528,712,36,16,9,43,42,816,409,50.1,119,Matches
3,Rayan Ait Nouri,,fr FRA,DF,Wolves,20-290,2001,15.3,971,48,343,373,306,36,807,31,57,54.4,35,2,582,2759,1727,91,18,11,23,22,621,547,88.1,43,Matches
4,Kristoffer Ajer,,no NOR,DF,Brentford,23-340,1998,15.6,777,87,351,351,118,22,673,8,12,66.7,8,0,388,2128,1205,39,11,1,11,10,394,352,89.3,16,Matches
5,Nathan Ake,,nl NED,DF,Manchester City,27-033,1995,7.5,652,52,242,380,83,6,632,0,2,0,0,0,479,2512,1690,54,9,0,2,1,528,507,96,2,Matches
6,Marc Albrighton,,eng ENG,FWDF,Leicester City,32-125,1989,11.1,564,32,140,249,204,9,484,14,30,46.7,15,2,325,1376,606,26,10,2,11,13,417,318,76.3,26,Matches
7,Thiago Alcantara,,es ESP,MF,Liverpool,30-346,1991,11.2,1050,24,190,684,245,23,1038,7,12,58.3,7,0,767,3399,1752,97,28,4,8,12,809,771,95.3,24,Matches
8,Trent Alexander-Arnold,,eng ENG,DF,Liverpool,23-167,1998,25.7,2413,64,485,1127,904,74,1969,22,34,64.7,22,0,1365,4864,2612,125,48,10,19,22,1595,1493,93.6,105,Matches
9,Alisson,,br BRA,GK,Liverpool,29-172,1992,27,1092,824,1085,8,0,0,916,1,2,50,1,0,623,2214,1180,0,0,0,1,0,618,612,99,0,Matches
10,Allan,,br BRA,MF,Everton,31-074,1991,21.5,1115,63,295,696,190,10,1059,16,22,72.7,16,3,703,3549,1863,97,26,2,17,26,653,606,92.8,17,Matches
11,Dele Alli,,eng ENG,MF,Everton,25-346,1996,1.9,132,8,22,73,44,10,126,3,4,75,3,1,83,382,187,11,4,1,6,8,105,83,79,13,Matches
12,Dele Alli,,eng ENG,MFFW,Tottenham,25-346,1996,7.3,331,23,87,172,97,20,321,5,18,27.8,7,2,213,908,446,17,6,0,12,18,262,199,76,31,Matches
13,Miguel Almiron,,py PAR,MFFW,Newcastle Utd,28-041,1994,12.6,494,12,102,206,222,35,489,11,25,44,16,1,344,2189,1038,51,12,5,17,26,421,298,70.8,38,Matches
14,Marcos Alonso,,es ESP,DF,Chelsea,31-085,1990,16.1,1135,61,327,393,456,42,941,11,26,42.3,12,1,629,2930,1648,81,15,8,19,21,735,632,86,61,Matches
15,Steven Alzate,,co COL,MF,Brighton,23-196,1998,4.5,287,16,81,168,56,4,285,5,6,83.3,5,1,185,759,403,20,8,1,5,4,189,176,93.1,7,Matches
16,Daniel Amartey,,gh GHA,DF,Leicester City,27-092,1994,16.7,1118,201,646,498,28,4,1101,4,6,66.7,4,0,759,3037,1672,30,7,0,4,2,809,791,97.8,0,Matches
17,Joachim Andersen,,dk DEN,DF,Crystal Palace,25-296,1996,23.4,1787,378,1101,735,53,19,1728,5,7,71.4,5,0,1118,6333,3014,47,5,2,1,5,1282,1268,98.9,2,Matches
18,Michail Antonio,,jm JAM,FW,West Ham,31-360,1990,27.6,1017,18,64,403,614,148,987,33,71,46.5,36,4,744,3703,2137,112,33,25,113,77,1439,774,53.8,226,Matches
19,Cameron Archer,,eng ENG,MFFW,Aston Villa,20-245,2001,0.3,12,0,1,2,9,3,12,1,2,50,1,0,7,15,0,0,0,0,0,1,9,6,66.7,2,Matches
20,Alphonse Areola,,fr FRA,GK,West Ham,29-024,1993,1,42,40,42,0,0,0,25,0,0,,0,0,17,48,12,0,0,0,0,0,20,20,100,0,Matches
21,Adam Armstrong,,eng ENG,FWMF,Southampton,25-041,1997,13.5,418,6,37,166,250,70,392,14,29,48.3,15,1,295,1726,955,58,17,16,26,23,554,295,53.2,95,Matches
22,Stuart Armstrong,,sct SCO,MF,Southampton,29-358,1992,10.7,628,17,83,302,303,39,610,17,36,47.2,19,0,472,3132,1636,80,31,10,14,14,509,445,87.4,49,Matches
23,Kepa Arrizabalaga,,es ESP,GK,Chelsea,27-171,1994,4,149,130,149,0,0,0,120,0,0,,0,0,85,253,117,0,0,0,0,0,81,81,100,0,Matches
24,Harrison Ashby,,sct SCO,DF,West Ham,20-129,2001,0.1,9,1,3,1,5,0,8,0,0,,0,0,4,21,5,1,0,0,0,0,8,6,75,0,Matches
25,Pierre-Emerick Aubameyang,,ga GAB,FW,Arsenal,32-278,1989,11.5,322,5,34,141,167,55,313,2,6,33.3,3,0,169,1024,600,29,11,9,20,5,443,225,50.8,56,Matches
26,Jordan Ayew,,gh GHA,FW,Crystal Palace,30-193,1991,17.3,904,11,123,492,383,62,897,32,62,51.6,33,5,702,4318,2491,119,39,20,53,61,857,659,76.9,79,Matches
27,Luke Ayling,,eng ENG,DF,Leeds United,30-210,1991,21,1533,200,801,631,218,28,1416,23,37,62.2,25,4,959,5852,3493,92,25,2,20,11,1029,981,95.3,27,Matches
28,Cesar Azpilicueta,,es ESP,DF,Chelsea,32-207,1989,15.9,1318,92,414,594,358,42,1190,9,12,75,9,0,778,3105,1717,87,18,5,9,5,948,888,93.7,46,Matches
29,Daniel Bachmann,,at AUT,GK,Watford,27-257,1994,11,362,309,360,2,0,0,249,1,1,100,1,0,163,891,566,0,0,0,0,0,135,134,99.3,0,Matches
30,Leon Bailey,,jm JAM,FWMF,Aston Villa,24-226,1997,5.8,271,6,36,93,164,24,253,12,20,60,13,1,208,1192,619,42,7,6,20,24,251,191,76.1,40,Matches
31,Eric Bailly,,ci CIV,DF,Manchester Utd,27-345,1994,2.4,113,26,73,41,3,0,109,0,2,0,0,0,62,313,142,5,0,0,1,3,54,53,98.1,0,Matches
32,Folarin Balogun,,eng ENG,FW,Arsenal,20-263,2001,0.8,23,1,3,10,12,6,23,0,2,0,0,0,16,50,16,1,0,1,4,2,34,17,50,7,Matches
33,Patrick Bamford,,eng ENG,FW,Leeds United,28-199,1993,6.2,175,11,23,80,83,36,159,4,8,50,5,0,104,462,210,12,2,3,18,6,259,115,44.4,37,Matches
34,Shandon Baptiste,,gd GRN,MF,Brentford,23-349,1998,9.8,381,14,82,205,131,20,380,14,19,73.7,14,0,280,1453,832,44,14,2,20,11,364,247,67.9,35,Matches
35,Ross Barkley,,eng ENG,MF,Chelsea,28-108,1993,1.7,131,0,9,50,86,7,124,4,5,80,5,0,94,743,451,18,10,1,1,6,118,108,91.5,20,Matches
36,Ashley Barnes,,eng ENG,FW,Burnley,32-144,1989,4.7,168,3,19,86,74,22,165,2,5,40,2,0,99,311,135,8,4,2,15,11,222,107,48.2,25,Matches
37,Harvey Barnes,,eng ENG,FWMF,Leicester City,24-104,1997,17.4,769,11,94,320,435,101,766,26,67,38.8,32,2,612,3816,2641,140,44,34,45,37,862,615,71.3,113,Matches
38,Lewis Bate,,eng ENG,MF,Leeds United,19-145,2002,0.5,29,1,7,19,7,0,29,1,2,50,1,1,22,104,28,0,1,0,4,2,27,19,70.4,1,Matches
39,Mads Bech Sorensen,,dk DEN,DF,Brentford,23-075,1999,4.2,268,44,147,107,30,2,224,0,0,,0,0,144,906,620,13,3,0,0,0,157,151,96.2,2,Matches
40,Jan Bednarek,,pl POL,DF,Southampton,25-345,1996,22.2,1427,182,680,751,62,24,1368,1,2,50,1,0,773,3519,1712,25,0,0,1,3,834,816,97.8,4,Matches
41,Donny van de Beek,,nl NED,MF,Manchester Utd,24-339,1997,0.8,53,2,19,21,15,4,53,3,4,75,3,0,31,59,23,2,0,1,1,4,41,30,73.2,5,Matches
42,Donny van de Beek,,nl NED,MF,Everton,24-339,1997,4.8,285,9,53,163,81,7,280,4,9,44.4,5,1,161,611,273,12,2,0,1,7,189,175,92.6,6,Matches
43,Asmir Begovi?,,ba BIH,GK,Everton,34-276,1987,2,60,58,60,0,0,0,35,0,0,,0,0,15,73,47,0,0,0,0,0,18,18,100,0,Matches
44,Said Benrahma,,dz ALG,FWMF,West Ham,26-225,1995,19.9,922,16,125,384,484,78,906,27,68,39.7,33,8,710,3829,2041,101,26,19,44,31,903,678,75.1,138,Matches
45,Rodrigo Bentancur,,uy URU,MF,Tottenham,24-291,1997,6.8,569,30,142,377,93,6,558,8,11,72.7,8,0,438,2070,1031,35,11,1,5,11,443,422,95.3,8,Matches
46,Christian Benteke,,be BEL,FW,Crystal Palace,31-110,1990,12.4,440,38,62,204,192,84,420,9,19,47.4,11,1,219,1002,476,26,7,8,37,13,629,325,51.7,100,Matches
47,Johann Berg Gudmundsson,,is ISL,MF,Burnley,31-147,1990,12.2,492,24,85,197,245,27,488,14,22,63.6,15,0,331,1682,815,37,16,5,17,18,383,302,78.9,58,Matches
48,Steven Bergwijn,,nl NED,FWMF,Tottenham,24-166,1997,5.5,240,6,38,98,140,34,235,10,17,58.8,11,0,181,1138,771,33,17,8,11,17,275,181,65.8,51,Matches
49,Ryan Bertrand,,eng ENG,DF,Leicester City,32-230,1989,3.7,228,18,71,113,55,4,182,0,1,0,1,1,122,544,216,11,3,1,4,5,148,128,86.5,2,Matches
50,Mads Bidstrup,,dk DEN,MF,Brentford,21-026,2001,0.5,23,2,9,13,2,0,23,0,1,0,0,0,11,37,17,1,1,0,1,2,11,9,81.8,1,Matches
51,Yves Bissouma,,ml MLI,MF,Brighton,25-205,1996,18.1,1175,76,335,688,249,15,1155,26,34,76.5,26,1,828,4910,2342,87,32,4,25,23,810,764,94.3,14,Matches
52,Willy Boly,,ci CIV,DF,Wolves,31-048,1991,2,153,7,83,76,2,1,148,3,4,75,3,0,105,439,223,5,1,0,0,0,101,99,98,0,Matches
53,Jarrod Bowen,,eng ENG,FW,West Ham,25-093,1996,26.2,1059,23,146,418,567,134,971,22,58,37.9,24,2,693,4319,1924,108,25,28,49,58,1022,657,64.3,155,Matches
54,Jarrad Branthwaite,,eng ENG,DF,Everton,19-269,2002,2.1,93,11,42,52,6,2,88,0,0,,0,0,56,232,168,2,2,0,1,4,49,47,95.9,0,Matches
55,Armando Broja,,al ALB,FW,Southampton,20-194,2001,16.8,538,11,42,235,299,83,534,23,47,48.9,24,2,341,2088,1357,67,20,27,43,55,834,402,48.2,99,Matches
56,Josh Brownhill,,eng ENG,MF,Burnley,26-094,1995,22.4,1010,53,214,573,274,27,977,14,18,77.8,15,1,513,2185,951,54,27,3,17,11,599,533,89,33,Matches
57,Bryan,,es ESP,FWMF,Tottenham,21-040,2001,1,82,2,10,19,58,4,79,3,4,75,3,0,67,393,246,13,2,0,5,3,69,59,85.5,13,Matches
58,Emi Buendia,,ar ARG,FWMF,Aston Villa,25-088,1996,17.1,906,24,121,453,391,53,863,26,39,66.7,26,1,638,2925,1640,90,35,3,26,47,755,623,82.5,90,Matches
59,Dan Burn,,eng ENG,DF,Brighton,29-318,1992,11.4,771,100,391,362,64,12,753,1,2,50,1,0,465,2347,1210,27,9,0,6,3,518,497,95.9,2,Matches
60,Dan Burn,,eng ENG,DF,Newcastle Utd,29-318,1992,7,351,64,184,165,17,11,348,0,0,,0,0,145,1067,492,8,0,0,0,0,166,160,96.4,1,Matches
61,Jack Butland,,eng ENG,GK,Crystal Palace,29-013,1993,5.5,201,182,200,1,0,0,138,0,0,,0,0,92,421,163,0,0,0,0,0,95,94,98.9,0,Matches
62,Sam Byram,,eng ENG,DFMF,Norwich City,28-188,1993,3,203,14,67,87,60,9,177,0,2,0,0,0,95,557,281,9,3,0,3,2,111,101,91,8,Matches
63,Willy Caballero,,ar ARG,GK,Southampton,40-176,1981,2,68,54,68,0,0,0,50,0,0,,0,0,37,224,114,0,0,0,0,0,34,34,100,0,Matches
64,Dominic Calvert-Lewin,,eng ENG,FW,Everton,25-007,1997,8.5,282,11,28,128,133,37,270,2,6,33.3,2,1,133,551,179,7,1,1,31,10,446,202,45.3,45,Matches
65,Joao Cancelo,,pt POR,DF,Manchester City,27-300,1994,26.9,2831,56,457,1514,1063,81,2594,46,82,56.1,49,9,2099,9253,4945,281,110,22,20,20,2171,2090,96.3,78,Matches
66,Sergi Canos,,es ESP,DF,Brentford,25-049,1997,22.8,1013,65,275,458,352,55,964,24,47,51.1,26,5,646,3593,2145,111,34,11,26,35,750,592,78.9,66,Matches
67,Todd Cantwell,,eng ENG,FWMF,Norwich City,24-024,1998,4.9,215,5,50,109,70,7,210,5,11,45.5,5,0,159,608,289,15,4,0,12,12,205,150,73.2,18,Matches
68,Matty Cash,,pl POL,DF,Aston Villa,24-228,1997,28.5,1586,123,558,671,459,76,1323,16,28,57.1,16,1,831,5140,2739,115,39,19,23,36,857,761,88.8,89,Matches
69,Timothy Castagne,,be BEL,DF,Leicester City,26-108,1995,14.8,922,65,362,416,188,13,806,11,14,78.6,11,0,490,2031,1063,45,13,1,17,13,595,519,87.2,35,Matches
70,Jonny Castro,,es ESP,DF,Wolves,28-020,1994,4,288,5,49,156,99,12,246,5,11,45.5,5,1,188,833,523,27,4,4,8,10,197,179,90.9,20,Matches
71,Craig Cathcart,,nir NIR,DF,Watford,33-045,1989,24.3,1094,194,621,461,57,8,1044,0,1,0,0,0,516,2061,973,12,3,0,2,3,602,580,96.3,2,Matches
72,Edinson Cavani,,uy URU,FW,Manchester Utd,35-037,1987,6.8,242,10,43,107,98,27,238,4,5,80,4,0,127,261,66,4,2,2,12,3,311,179,57.6,33,Matches
73,Kayky Chagas,,br BRA,FW,Manchester City,18-285,2003,0.1,3,0,0,2,2,0,3,0,0,,0,0,3,40,29,1,1,0,1,0,4,3,75,0,Matches
74,Trevoh Chalobah,,eng ENG,DF,Chelsea,22-261,1999,13.1,1071,67,411,597,118,8,1044,10,13,76.9,10,0,741,2836,1426,51,20,0,1,6,774,755,97.5,2,Matches
75,Calum Chambers,,eng ENG,DF,Arsenal,27-062,1995,1.9,122,17,49,61,17,1,108,0,0,,0,0,71,239,106,4,2,0,1,2,73,71,97.3,0,Matches
76,Calum Chambers,,eng ENG,DF,Aston Villa,27-062,1995,5,328,69,204,125,14,5,321,1,2,50,1,0,208,1067,581,13,2,0,0,0,210,204,97.1,1,Matches
77,Daniel Chesters,,eng ENG,MF,West Ham,19-353,2002,0,0,0,0,0,0,0,0,0,0,,0,0,0,0,0,0,0,0,0,0,0,0,,0,Matches
78,Ben Chilwell,,eng ENG,DF,Chelsea,25-092,1996,6,421,9,93,143,203,28,347,2,5,40,3,0,240,1083,515,23,4,5,11,3,295,256,86.8,30,Matches
79,Chiquinho,,pt POR,MFDF,Wolves,22-046,2000,0.6,43,1,5,7,32,5,40,2,4,50,2,0,27,63,33,1,0,1,3,5,41,28,68.3,8,Matches
80,Hamza Choudhury,,eng ENG,DFMF,Leicester City,24-173,1997,3.2,206,18,97,111,6,1,195,1,3,33.3,2,0,111,317,98,1,0,0,2,3,134,122,91,0,Matches
81,Andreas Christensen,,dk DEN,DF,Chelsea,25-347,1996,14.1,1195,142,564,626,75,4,1155,6,6,100,6,0,788,3618,2058,54,16,0,2,0,840,827,98.5,2,Matches
82,Carney Chukwuemeka,,eng ENG,MFFW,Aston Villa,18-075,2004,2.2,101,1,15,53,40,11,101,2,7,28.6,4,0,83,382,187,11,3,4,6,3,107,74,69.2,10,Matches
83,Ciaran Clark,,ie IRL,DF,Newcastle Utd,32-178,1989,11.3,449,78,260,171,35,22,442,3,4,75,3,0,249,1151,507,13,4,0,4,0,265,251,94.7,4,Matches
84,Tom Cleverley,,eng ENG,MF,Watford,32-223,1989,15.2,685,28,139,334,233,8,615,4,8,50,4,1,337,1181,520,16,7,3,12,9,480,389,81,32,Matches
85,Nathaniel Clyne,,eng ENG,DF,Crystal Palace,30-352,1991,6,314,14,123,163,45,2,255,0,0,,0,0,160,661,327,10,5,0,3,2,177,162,91.5,4,Matches
86,Conor Coady,,eng ENG,DF,Wolves,29-026,1993,29.8,1497,353,1018,532,28,16,1463,1,2,50,2,0,923,4829,2332,25,1,0,1,1,1041,1030,98.9,3,Matches
87,Seamus Coleman,,ie IRL,DF,Everton,33-163,1988,21.6,1236,86,402,564,342,37,1003,19,35,54.3,21,0,666,3686,1984,73,26,8,15,23,664,579,87.2,42,Matches
88,Nathan Collins,,ie IRL,DF,Burnley,20-327,2001,8.6,377,68,204,168,16,11,372,1,3,33.3,2,0,150,791,274,7,0,0,5,1,144,134,93.1,1,Matches
89,Aaron Connolly,,ie IRL,FW,Brighton,22-054,2000,1.7,34,0,0,14,21,4,33,0,1,0,0,0,22,132,42,3,0,0,3,1,65,22,33.8,7,Matches
90,Liam Cooper,,sct SCO,DF,Leeds United,30-205,1991,14.2,1020,146,673,380,26,9,995,3,3,100,3,0,611,3465,1996,19,2,0,4,2,662,650,98.2,1,Matches
91,Jack Cork,,eng ENG,MF,Burnley,32-271,1989,9.8,355,24,68,214,90,4,353,8,11,72.7,9,0,201,791,349,17,8,1,7,12,232,193,83.2,6,Matches
92,Maxwel Cornet,,ci CIV,FWMF,Burnley,25-177,1996,12.2,407,14,61,151,221,54,389,8,25,32,10,0,250,1093,577,30,9,4,36,24,546,262,48,93,Matches
93,Helder Costa,,ao ANG,MF,Leeds United,28-070,1994,0.2,6,0,1,3,2,0,6,0,0,,0,0,2,6,0,0,0,0,0,0,8,5,62.5,0,Matches
94,Vladimir Coufal,,cz CZE,DF,West Ham,29-213,1992,18.7,1288,80,390,524,448,24,1054,10,22,45.5,11,0,621,3330,1606,64,27,6,13,13,722,645,89.3,33,Matches
95,Philippe Coutinho,,br BRA,MFFW,Aston Villa,29-284,1992,8.6,445,2,44,239,205,29,426,18,28,64.3,19,4,360,1839,1038,55,25,6,22,18,442,348,78.7,38,Matches
96,Aaron Cresswell,,eng ENG,DF,West Ham,32-098,1989,22.3,1703,87,472,838,486,24,1419,3,13,23.1,3,3,1012,4345,2203,84,38,2,5,8,1107,1061,95.8,20,Matches
97,Charlie Cresswell,,eng ENG,DF,Leeds United,19-106,2002,1.6,120,20,79,47,4,1,119,1,1,100,1,0,72,552,353,3,0,0,2,0,78,78,100,1,Matches
98,Cucho,,co COL,FWMF,Watford,22-337,1999,11.3,492,14,73,201,259,35,456,19,33,57.6,20,0,325,1817,1011,52,18,7,27,12,475,320,67.4,54,Matches
99,Marc Cucurella,,es ESP,DF,Brighton,23-244,1998,25.3,2033,85,538,928,704,46,1760,23,45,51.1,25,7,1285,6103,3860,154,51,5,18,23,1407,1259,89.5,57,Matches
100,Luke Cundle,,eng ENG,MF,Wolves,19-331,2002,0.9,37,2,8,23,7,0,34,0,0,,0,0,23,56,19,2,1,0,0,1,22,20,90.9,1,Matches
101,Patson Daka,,zm ZAM,FW,Leicester City,23-165,1998,8.5,251,8,24,119,116,42,239,2,14,14.3,5,0,137,469,271,17,4,3,25,16,345,167,48.4,43,Matches
102,Stuart Dallas,,nir NIR,DFMF,Leeds United,30-338,1991,28.9,1812,95,599,871,481,28,1528,18,32,56.3,18,3,1024,6010,3482,135,51,12,17,34,1113,983,88.3,58,Matches
103,Diogo Dalot,,pt POR,DF,Manchester Utd,23-005,1999,12.1,864,41,259,436,221,19,741,8,19,42.1,10,0,498,2466,1479,70,13,5,13,10,548,502,91.6,28,Matches
104,Karl Darlow,,eng ENG,GK,Newcastle Utd,31-166,1990,8,269,223,265,4,0,0,170,0,0,,0,0,95,546,294,0,0,0,0,0,94,93,98.9,0,Matches
105,Josh Dasilva,,eng ENG,MFFW,Brentford,23-151,1998,1.5,64,9,22,30,16,2,63,3,3,100,3,0,44,239,98,4,1,1,3,4,37,26,70.3,4,Matches
106,Ben Davies,,wls WAL,DF,Tottenham,28-333,1993,19.3,1231,114,497,644,183,23,1172,3,4,75,3,0,796,5076,3083,120,42,2,4,9,894,856,95.7,19,Matches
107,Tom Davies,,eng ENG,MF,Everton,23-266,1998,1.8,87,2,13,44,31,8,86,0,0,,0,0,47,190,73,3,0,1,3,1,72,58,80.6,9,Matches
108,Keinan Davis,,eng ENG,FW,Aston Villa,24-038,1998,0.1,7,0,0,5,2,0,7,0,0,,0,0,6,5,1,0,0,0,2,1,11,7,63.6,2,Matches
109,Craig Dawson,,eng ENG,DF,West Ham,31-321,1990,23.9,1179,203,640,541,62,35,1159,2,2,100,2,0,656,3347,1544,40,6,0,2,6,725,709,97.8,4,Matches
110,Kevin De Bruyne,,be BEL,MF,Manchester City,30-268,1991,17.1,1304,21,117,512,752,81,1198,20,34,58.8,20,1,889,3881,2377,120,47,12,25,24,1115,984,88.3,117,Matches
111,Troy Deeney,,eng ENG,FW,Watford,33-267,1988,0.3,11,2,2,1,8,5,11,0,0,,0,0,3,7,4,0,0,0,1,0,18,9,50,7,Matches
112,Liam Delap,,eng ENG,FW,Manchester City,19-043,2003,0.1,1,0,0,1,0,0,1,0,0,,0,0,1,2,0,0,0,0,0,0,3,1,33.3,0,Matches
113,Fabian Delph,,eng ENG,MF,Everton,32-122,1989,2.8,161,10,49,100,21,0,159,4,5,80,4,0,99,487,198,7,0,0,4,2,100,95,95,3,Matches
114,Leander Dendoncker,,be BEL,MFFW,Wolves,26-342,1995,15.7,766,52,219,402,181,26,755,7,11,63.6,7,0,430,1580,710,24,9,1,14,6,577,481,83.4,37,Matches
115,Emmanuel Dennis,,ng NGA,FWMF,Watford,24-128,1997,24.2,913,17,116,379,498,125,881,58,134,43.3,65,17,669,3596,2399,114,35,38,64,56,997,616,61.8,135,Matches
116,Kiernan Dewsbury Hall,,eng ENG,MF,Leicester City,23-198,1998,13.7,918,41,230,465,295,24,897,17,27,63,19,0,636,3707,2078,80,26,2,29,32,717,631,88,59,Matches
117,Ibrahima Diallo,,fr FRA,MF,Southampton,23-015,1999,8.4,418,14,68,258,113,8,416,17,21,81,20,1,295,1514,796,41,13,1,8,10,343,289,84.3,12,Matches
118,Raphael Dias Belloli,,br BRA,MFFW,Leeds United,25-099,1996,25,1393,36,183,602,688,112,1260,52,130,40,62,14,965,4447,2792,147,26,27,67,41,1275,938,73.6,153,Matches
119,Ruben Dias,,pt POR,DF,Manchester City,24-313,1997,23.7,2137,155,779,1428,100,27,2095,2,5,40,2,1,1579,9353,5835,214,21,0,5,2,1742,1716,98.5,8,Matches
120,Luis Diaz,,co COL,FW,Liverpool,25-069,1997,5.5,322,1,22,128,191,43,322,15,24,62.5,17,0,267,1414,834,45,10,14,13,20,319,254,79.6,52,Matches
121,Eric Dier,,eng ENG,DF,Tottenham,28-067,1994,25.1,1760,330,1041,793,42,13,1722,0,2,0,1,0,1145,6655,3718,69,11,0,2,0,1320,1300,98.5,4,Matches
122,Lucas Digne,,fr FRA,DF,Aston Villa,28-246,1993,7.1,490,29,138,184,189,15,394,3,8,37.5,4,1,273,1224,674,29,6,2,7,9,304,265,87.2,31,Matches
123,Lucas Digne,,fr FRA,DF,Everton,28-246,1993,13,823,52,273,318,284,15,666,6,12,50,6,0,399,2075,1141,47,25,2,8,10,429,385,89.7,21,Matches
124,Virgil van Dijk,,nl NED,DF,Liverpool,30-258,1991,27,2190,255,1055,1155,69,40,2130,2,3,66.7,2,0,1379,5499,2906,77,5,0,6,2,1573,1542,98,5,Matches
125,Issa Diop,,fr FRA,DF,West Ham,25-073,1997,9,436,64,259,199,8,3,429,0,0,,0,0,231,1459,678,10,2,0,1,1,269,263,97.8,0,Matches
126,Moussa Djenepo,,ml MLI,MF,Southampton,23-281,1998,4.9,243,7,46,95,114,27,243,13,26,50,14,1,179,1022,717,31,6,9,18,15,182,148,81.3,18,Matches
127,Lewis Dobbin,,eng ENG,FWMF,Everton,19-079,2003,0.4,13,0,3,7,5,2,13,0,1,0,0,0,11,81,43,1,0,1,1,1,21,8,38.1,3,Matches
128,Matt Doherty,,ie IRL,DF,Tottenham,30-066,1992,8.5,594,31,172,256,193,33,536,5,7,71.4,5,0,374,1879,1130,63,12,8,10,7,420,386,91.9,34,Matches
129,Gabriel Dos Santos,,br BRA,DF,Arsenal,24-094,1997,24.4,1609,294,904,745,70,28,1570,2,2,100,2,0,1116,6515,3551,79,17,0,5,2,1208,1181,97.8,4,Matches
130,Abdoulaye Doucoure,,fr FRA,MF,Everton,29-081,1993,19.7,993,47,247,546,252,34,981,17,34,50,18,0,601,2889,1623,58,22,5,22,14,675,578,85.6,48,Matches
131,Kieran Dowell,,eng ENG,FWMF,Norwich City,24-164,1997,4,159,4,21,71,76,8,145,3,5,60,3,0,101,396,193,11,3,2,6,7,153,109,71.2,30,Matches
132,Cody Drameh,,eng ENG,DF,Leeds United,20-105,2001,1.4,94,3,37,44,22,2,68,2,4,50,2,0,45,282,163,9,4,0,0,1,46,42,91.3,2,Matches
133,Martin Dubravka,,sk SVK,GK,Newcastle Utd,33-067,1989,17,588,480,584,6,0,0,360,0,0,,0,0,244,1519,824,0,0,0,0,0,208,208,100,0,Matches
134,Shane Duffy,,ie IRL,DF,Brighton,30-081,1992,16,1192,193,722,468,61,26,1172,2,2,100,2,0,704,2881,1504,28,6,0,3,1,859,840,97.8,2,Matches
135,Paul Dummett,,wls WAL,DF,Newcastle Utd,30-178,1991,2.2,91,7,37,45,14,0,73,0,0,,0,0,41,151,72,4,2,0,0,0,37,36,97.3,0,Matches
136,Lewis Dunk,,eng ENG,DF,Brighton,30-122,1991,19.6,1654,230,948,741,65,17,1620,4,4,100,4,0,1123,5759,2807,40,9,0,4,4,1276,1261,98.8,1,Matches
137,Ederson,,br BRA,GK,Manchester City,28-218,1993,28,874,729,864,11,0,0,736,0,0,,0,0,532,2208,1392,0,0,0,0,0,536,532,99.3,0,Matches
138,Odsonne Edouard,,fr FRA,FW,Crystal Palace,24-066,1998,14.1,559,15,61,265,271,73,538,21,51,41.2,25,3,359,1801,1148,60,16,8,37,40,676,396,58.6,102,Matches
139,Anthony Elanga,,se SWE,FW,Manchester Utd,19-330,2002,6.1,311,3,53,117,159,34,304,9,26,34.6,11,0,225,986,500,29,6,7,13,10,323,231,71.5,46,Matches
140,Harvey Elliott,,eng ENG,MF,Liverpool,18-353,2003,3.1,250,1,22,121,127,18,243,2,7,28.6,2,0,186,900,537,27,13,2,5,2,204,190,93.1,23,Matches
141,Mohamed Elneny,,eg EGY,MF,Arsenal,29-255,1992,2,131,7,33,78,29,3,130,0,1,0,0,0,100,453,177,4,0,0,3,0,94,90,95.7,1,Matches
142,Mohamed Elyounoussi,,no NOR,MF,Southampton,27-231,1994,16.8,748,22,98,331,384,84,744,15,32,46.9,20,3,502,3051,1634,93,40,11,38,41,670,504,75.2,93,Matches
143,Emerson,,br BRA,DF,Tottenham,23-068,1999,16.8,1224,69,388,478,418,46,1050,14,20,70,14,0,694,3072,1678,87,22,6,13,20,775,685,88.4,64,Matches
144,Christian Eriksen,,dk DEN,MF,Brentford,30-037,1992,2.4,167,3,18,107,51,2,143,3,5,60,3,0,97,417,225,13,5,0,4,3,124,105,84.7,4,Matches
145,Oghenekaro Etebo,,ng NGA,MF,Watford,26-134,1995,4.3,188,14,65,118,18,0,179,4,6,66.7,4,0,147,648,290,10,2,0,1,2,117,111,94.9,3,Matches
146,Jonny Evans,,nir NIR,DF,Leicester City,34-079,1988,8.7,582,109,360,228,16,9,560,0,1,0,0,0,327,1513,688,9,3,0,1,0,358,347,96.9,0,Matches
147,Eberechi Eze,,eng ENG,MFFW,Crystal Palace,23-267,1998,1.6,91,0,9,50,36,0,87,1,2,50,1,0,59,269,133,9,2,0,4,4,86,65,75.6,17,Matches
148,Lukasz Fabianski,,pl POL,GK,West Ham,36-339,1985,29,810,743,809,1,0,0,542,0,0,,0,0,332,1697,864,0,0,0,0,0,313,310,99,0,Matches
149,Fabinho,,br BRA,MF,Liverpool,28-151,1993,20.9,1385,42,307,885,255,16,1359,7,9,77.8,7,0,865,3528,1694,86,17,2,21,12,951,913,96,28,Matches
150,Kiko Femenia,,es ESP,DF,Watford,31-049,1991,17.8,1083,91,357,456,327,10,858,6,12,50,6,2,526,2756,1394,61,23,3,13,9,568,507,89.3,14,Matches
151,Evan Ferguson,,ie IRL,MF,Brighton,17-155,2004,0.3,9,0,0,1,8,0,9,0,0,,0,0,4,7,0,0,0,0,1,0,11,8,72.7,0,Matches
152,Nathan Ferguson,,eng ENG,DF,Crystal Palace,21-168,2000,0.1,5,0,4,1,0,0,3,0,0,,0,0,0,0,0,0,0,0,0,0,1,1,100,0,Matches
153,Bruno Fernandes,,pt POR,MF,Manchester Utd,27-196,1994,25.6,1739,46,263,810,772,86,1605,16,35,45.7,19,3,1152,5567,3221,160,56,16,21,39,1541,1259,81.7,155,Matches
154,Alvaro Fernandez,,es ESP,GK,Brentford,23-344,1998,12,533,440,528,7,0,0,416,0,0,,0,0,268,1204,730,0,0,0,0,0,273,273,100,0,Matches
155,Federico Fernandez,,ar ARG,DF,Newcastle Utd,33-030,1989,5.8,267,59,176,93,12,10,260,0,0,,0,0,170,845,506,0,0,0,0,1,178,174,97.8,2,Matches
156,Fernandinho,,br BRA,MF,Manchester City,36-323,1985,6.8,562,17,86,381,129,11,559,7,8,87.5,7,0,437,1812,892,41,11,0,6,9,457,444,97.2,14,Matches
157,Roberto Firmino,,br BRA,FW,Liverpool,30-172,1991,8.8,508,2,46,250,244,54,497,13,28,46.4,15,1,347,1450,757,54,19,3,21,20,535,385,72,108,Matches
158,Junior Firpo,,es ESP,DF,Leeds United,25-213,1996,14.8,947,51,282,477,253,31,822,10,18,55.6,10,1,557,2738,1743,79,26,2,13,9,590,538,91.2,34,Matches
159,Ashley Fletcher,,eng ENG,FW,Watford,26-172,1995,0.3,15,1,3,6,7,1,15,0,1,0,0,0,7,29,15,1,0,0,0,0,29,8,27.6,1,Matches
160,Phil Foden,,eng ENG,FW,Manchester City,21-299,2000,17.9,1053,5,46,384,680,111,966,25,37,67.6,26,2,793,3597,1720,104,30,31,22,41,1033,818,79.2,136,Matches
161,Pablo Fornals,,es ESP,FWMF,West Ham,26-029,1996,24,1298,25,197,635,541,59,1248,22,46,47.8,23,6,883,4343,2329,123,39,8,32,27,1135,914,80.5,111,Matches
162,Adam Forshaw,,eng ENG,MF,Leeds United,30-166,1991,16,906,23,268,529,173,8,882,8,15,53.3,8,0,586,2922,1310,44,18,1,10,18,672,592,88.1,23,Matches
163,Marcus Forss,,fi FIN,FWMF,Brentford,22-278,1999,2.3,69,0,3,36,33,10,66,2,4,50,2,0,27,95,47,3,0,0,6,1,89,41,46.1,17,Matches
164,Fraser Forster,,eng ENG,GK,Southampton,34-006,1988,12,434,352,432,2,0,0,314,0,0,,0,0,199,953,514,0,0,0,0,0,193,192,99.5,0,Matches
165,Ben Foster,,eng ENG,GK,Watford,38-354,1983,18,654,530,644,11,0,0,427,0,0,,0,0,264,1487,921,0,0,0,0,0,243,242,99.6,0,Matches
166,Tariqe Fosu,,gh GHA,DF,Brentford,26-138,1995,0.2,11,0,0,5,7,4,11,0,0,,0,0,9,80,61,4,1,2,0,0,9,8,88.9,3,Matches
167,Ryan Fraser,,sct SCO,FWMF,Newcastle Utd,28-027,1994,15,556,20,107,193,291,43,516,2,7,28.6,2,0,358,2002,1278,76,22,16,13,11,512,378,73.8,53,Matches
168,Fred,,br BRA,MF,Manchester Utd,29-018,1993,19.6,1365,71,350,816,256,13,1342,14,27,51.9,15,2,863,3287,1620,62,15,1,28,23,998,914,91.6,36,Matches
169,Ryan Fredericks,,eng ENG,DF,West Ham,29-164,1992,1.4,62,8,21,27,16,0,55,0,1,0,0,0,23,118,71,4,1,0,2,1,33,29,87.9,2,Matches
170,Leo Fuhr Hjelde,,no NOR,DF,Leeds United,18-209,2003,1.7,129,11,58,58,18,1,101,0,1,0,1,0,61,248,137,5,0,0,2,0,73,65,89,4,Matches
171,Conor Gallagher,,eng ENG,MF,Crystal Palace,22-045,2000,24.4,1243,44,236,597,486,76,1137,38,56,67.9,40,1,817,3800,1621,83,27,12,38,41,900,741,82.3,97,Matches
172,Dwight Gayle,,eng ENG,FW,Newcastle Utd,31-157,1990,0.4,13,0,0,8,6,1,13,0,0,,0,0,9,16,7,1,0,0,1,0,19,10,52.6,2,Matches
173,Jean-Philippe Gbamin,,ci CIV,MF,Everton,26-179,1995,0.7,28,1,8,22,1,0,28,1,2,50,2,0,19,113,69,2,0,0,1,2,20,18,90,1,Matches
174,David de Gea,,es ESP,GK,Manchester Utd,31-136,1990,29,769,715,769,0,0,0,493,0,0,,0,0,273,1181,564,0,0,0,1,0,279,276,98.9,0,Matches
175,Joe Gelhardt,,eng ENG,FWMF,Leeds United,19-323,2002,5.2,171,3,16,85,83,32,158,12,26,46.2,15,0,128,604,402,25,4,7,9,13,217,110,50.7,38,Matches
176,Anwar El Ghazi,,nl NED,FW,Everton,26-324,1995,0.1,14,0,1,4,10,2,12,0,1,0,0,0,8,49,24,2,1,1,1,0,17,8,47.1,2,Matches
177,Anwar El Ghazi,,nl NED,FWMF,Aston Villa,26-324,1995,4.3,183,3,16,64,117,17,180,3,12,25,5,2,119,626,416,27,6,4,21,10,203,136,67,29,Matches
178,Saman Ghoddos,,ir IRN,MFDF,Brentford,28-198,1993,4.8,245,9,47,116,99,17,224,4,5,80,4,1,138,746,456,25,9,2,6,3,199,138,69.3,25,Matches
179,Dimitris Giannoulis,,gr GRE,DF,Norwich City,26-157,1995,6.1,420,36,166,193,92,7,361,16,28,57.1,19,1,274,1424,797,28,5,3,12,5,251,228,90.8,20,Matches
180,Morgan Gibbs-White,,eng ENG,FWMF,Wolves,22-055,2000,0.1,13,0,3,3,8,3,12,0,0,,0,0,7,18,12,1,1,0,0,0,9,8,88.9,3,Matches
181,Ben Gibson,,eng ENG,DF,Norwich City,29-067,1993,23.7,1422,323,896,548,54,22,1374,2,4,50,2,0,816,4261,2624,59,13,0,3,4,947,933,98.5,1,Matches
182,Billy Gilmour,,sct SCO,MF,Norwich City,20-285,2001,15.7,1090,38,282,613,263,7,979,10,18,55.6,15,1,611,3384,1442,64,25,0,12,9,779,715,91.8,19,Matches
183,Ben Godfrey,,eng ENG,DF,Everton,24-067,1998,18.5,894,108,397,391,156,27,794,4,8,50,5,0,430,2429,1219,39,19,1,9,8,474,430,90.7,15,Matches
184,Andre Gomes,,pt POR,MF,Everton,28-236,1993,5.6,328,10,60,188,102,8,319,10,12,83.3,11,1,221,887,444,11,2,1,11,15,248,205,82.7,9,Matches
185,Toti Gomes,,pt POR,DF,Wolves,23-066,1999,2,111,17,63,51,3,0,110,1,2,50,1,0,51,289,109,3,1,0,0,0,60,56,93.3,0,Matches
186,Joe Gomez,,eng ENG,DF,Liverpool,24-304,1997,1.2,115,4,27,63,30,1,108,2,3,66.7,2,0,82,278,114,5,0,0,1,2,74,73,98.6,3,Matches
187,Charlie Goode,,eng ENG,DF,Brentford,26-232,1995,5,337,20,122,163,74,11,262,5,7,71.4,5,0,163,1003,497,14,7,0,1,1,171,164,95.9,7,Matches
188,Anthony Gordon,,eng ENG,MFFW,Everton,21-027,2001,16.7,774,17,117,327,401,53,727,25,50,50,28,4,502,3530,1960,92,33,13,37,31,661,487,73.7,68,Matches
189,Kaide Gordon,,eng ENG,FW,Liverpool,17-169,2004,0.1,8,0,0,4,4,1,8,0,1,0,0,1,7,32,9,1,0,0,0,1,11,7,63.6,3,Matches
190,Dan Gosling,,eng ENG,MF,Watford,32-050,1990,0.2,9,2,6,3,1,0,9,0,0,,0,0,3,5,5,0,0,0,1,0,4,4,100,0,Matches
191,Demarai Gray,,eng ENG,MFFW,Everton,25-268,1996,18.8,789,9,69,323,481,69,730,32,64,50,33,3,592,4083,2316,130,48,24,42,33,761,545,71.6,109,Matches
192,Jack Grealish,,eng ENG,FW,Manchester City,26-194,1995,16.1,922,11,55,345,609,148,904,23,40,57.5,25,0,799,5967,3708,230,53,68,19,32,934,764,81.8,151,Matches
193,Mason Greenwood,,eng ENG,FWMF,Manchester Utd,20-173,2001,14.1,662,6,79,295,338,60,645,29,50,58,31,3,532,3451,2032,107,28,27,19,20,703,524,74.5,92,Matches
194,Sam Greenwood,,eng ENG,FWMF,Leeds United,20-056,2002,0.9,29,0,4,17,10,1,26,0,1,0,0,0,18,60,13,1,1,0,1,0,25,19,76,8,Matches
195,Pascal Gross,,de GER,MFDF,Brighton,30-281,1991,15.3,1097,33,198,487,466,38,963,4,9,44.4,5,1,653,3066,1328,67,26,3,15,17,831,728,87.6,65,Matches
196,Vicente Guaita,,es ESP,GK,Crystal Palace,35-072,1987,23.5,796,722,795,1,0,0,604,0,0,,0,0,396,1675,828,0,0,0,0,0,361,361,100,0,Matches
197,Marc Guehi,,eng ENG,DF,Crystal Palace,21-253,2000,28,1959,325,1144,877,63,19,1917,10,12,83.3,10,0,1332,7335,4077,88,19,1,7,5,1396,1388,99.4,2,Matches
198,Bruno Guimaraes,,br BRA,MF,Newcastle Utd,24-127,1997,3.2,229,16,61,120,62,9,225,3,9,33.3,3,0,158,818,332,14,7,1,3,8,159,139,87.4,3,Matches
199,Ilkay Gundogan,,de GER,MF,Manchester City,31-150,1990,15,1036,16,113,507,491,74,961,19,26,73.1,20,2,721,3607,1657,95,36,10,12,15,916,802,87.6,103,Matches
200,Angus Gunn,,eng ENG,GK,Norwich City,26-060,1996,7,250,211,250,0,0,0,155,0,0,,0,0,81,343,224,0,0,0,0,0,75,74,98.7,0,Matches
201,Grant Hanley,,sct SCO,DF,Norwich City,30-123,1991,23.2,1237,289,824,422,31,20,1196,4,6,66.7,4,0,635,2551,1084,17,1,0,4,1,714,694,97.2,2,Matches
202,Jack Harrison,,eng ENG,FWMF,Leeds United,25-123,1996,21.9,1113,27,205,443,550,83,1079,38,80,47.5,41,4,836,4870,3062,168,46,24,52,55,1002,772,77,122,Matches
203,Kortney Hause,,eng ENG,DF,Aston Villa,26-250,1995,4.4,249,35,143,112,10,6,244,2,4,50,2,0,151,960,512,3,0,0,1,2,153,145,94.8,3,Matches
204,Kai Havertz,,de GER,FWMF,Chelsea,22-285,1999,14.5,681,25,73,310,338,96,664,13,29,44.8,16,1,478,2547,1320,81,17,25,46,34,813,522,64.2,136,Matches
205,Isaac Hayden,,eng ENG,MFDF,Newcastle Utd,27-001,1995,11.1,461,47,182,218,76,10,446,8,13,61.5,8,0,247,845,362,12,7,1,9,10,295,242,82,10,Matches
206,Hwang Hee-chan,,kr KOR,FWMF,Wolves,26-056,1996,15,645,13,105,338,252,54,639,23,46,50,25,7,469,2881,1476,70,24,14,33,25,671,487,72.6,90,Matches
207,Jordan Henderson,,eng ENG,MF,Liverpool,31-279,1990,22.3,1829,34,218,1125,600,41,1775,13,21,61.9,13,3,1212,5582,2554,108,54,4,16,11,1544,1413,91.5,102,Matches
208,Jeff Hendrick,,ie IRL,MF,Newcastle Utd,30-051,1992,0.8,32,1,4,20,9,1,32,1,1,100,1,1,25,75,26,1,0,0,0,1,26,23,88.5,1,Matches
209,Wayne Hennessey,,wls WAL,GK,Burnley,35-058,1987,2,87,69,83,4,0,0,51,0,0,,0,0,26,158,127,0,0,0,0,0,23,23,100,0,Matches
210,Rico Henry,,eng ENG,DF,Brentford,24-258,1997,23.2,1123,77,369,485,337,22,1050,17,43,39.5,18,1,681,3115,1593,74,26,6,17,40,707,602,85.1,41,Matches
211,Son Heung-min,,kr KOR,FWMF,Tottenham,29-258,1992,24.9,1218,5,114,487,701,131,1056,42,71,59.2,46,2,847,5194,2838,146,50,41,44,50,1206,850,70.5,201,Matches
212,Ki-Jana Hoever,,nl NED,DF,Wolves,20-064,2002,3.4,200,9,58,89,61,3,167,1,7,14.3,1,0,104,587,377,13,2,3,2,3,127,105,82.7,5,Matches
213,Rob Holding,,eng ENG,DF,Arsenal,26-184,1995,4.8,301,54,175,127,14,5,294,1,2,50,1,0,175,814,404,4,2,0,1,3,189,184,97.4,0,Matches
214,Mason Holgate,,eng ENG,DF,Everton,25-152,1996,14.8,759,124,424,349,26,4,709,1,1,100,1,0,344,1927,934,15,3,0,1,6,378,367,97.1,0,Matches
215,Callum Hudson-Odoi,,eng ENG,FWMF,Chelsea,21-136,2000,10.7,505,7,40,194,315,62,491,19,30,63.3,19,0,419,2981,1866,105,25,34,16,22,513,394,76.8,73,Matches
216,Will Hughes,,eng ENG,MF,Crystal Palace,26-340,1995,9.1,509,26,134,287,113,6,474,6,12,50,7,0,307,1322,646,29,10,0,6,10,327,301,92,7,Matches
217,Pierre Hojbjerg,,dk DEN,MF,Tottenham,26-230,1995,26.5,2128,84,530,1360,363,23,2070,31,47,66,32,2,1505,6799,3496,114,32,1,18,21,1609,1530,95.1,40,Matches
218,Adam Idah,,ie IRL,FWMF,Norwich City,21-012,2001,6.9,235,13,27,93,127,33,230,12,16,75,12,0,170,932,337,19,3,2,26,17,364,162,44.5,51,Matches
219,Kelechi Iheanacho,,ng NGA,FW,Leicester City,25-171,1996,9.2,378,6,31,187,179,45,367,11,26,42.3,12,2,280,1198,681,37,10,8,32,18,498,281,56.4,73,Matches
220,Danny Ings,,eng ENG,FW,Aston Villa,29-243,1992,16.9,494,15,53,216,247,94,473,11,30,36.7,12,3,287,1239,571,27,9,5,39,13,619,309,49.9,87,Matches
221,Tim Iroegbunam,,,MF,Aston Villa,,,0.1,5,0,2,3,0,0,5,0,0,,0,0,3,15,5,0,0,0,0,0,3,3,100,0,Matches
222,Alex Iwobi,,ng NGA,MFFW,Everton,25-324,1996,11.6,492,15,87,190,254,49,486,17,37,45.9,21,4,377,2071,1146,55,14,15,21,22,475,334,70.3,62,Matches
223,Daniel James,,wls WAL,FWMF,Leeds United,24-133,1997,22.5,676,18,76,248,405,112,650,17,42,40.5,18,0,466,3160,1990,110,24,29,42,30,823,454,55.2,143,Matches
224,Daniel James,,wls WAL,FW,Manchester Utd,24-133,1997,1.4,53,1,2,22,33,9,53,0,3,0,1,0,33,232,158,10,3,1,5,3,50,34,68,15,Matches
225,Reece James,,eng ENG,DF,Chelsea,22-105,1999,13.1,1113,26,208,468,508,50,947,20,27,74.1,21,0,757,3367,1705,94,32,10,12,14,823,756,91.9,67,Matches
226,Vitaly Janelt,,de GER,MF,Brentford,23-317,1998,19.8,971,57,294,493,232,31,919,10,15,66.7,11,1,528,2564,1261,47,11,4,22,11,710,566,79.7,36,Matches
227,Pontus Jansson,,se SWE,DF,Brentford,31-038,1991,29.9,1508,356,979,539,48,36,1459,1,2,50,2,0,719,3609,1649,24,0,1,6,3,865,816,94.3,3,Matches
228,Mathias Jensen,,dk DEN,MF,Brentford,26-081,1996,13.6,734,23,155,384,243,19,645,9,16,56.3,11,4,418,1938,913,44,16,0,13,18,521,420,80.6,38,Matches
229,Gabriel Jesus,,br BRA,FW,Manchester City,24-354,1997,14.9,769,10,68,296,450,108,756,24,41,58.5,28,2,620,2994,1505,114,18,23,47,32,804,605,75.2,107,Matches
230,Raul Jimenez,,mx MEX,FW,Wolves,30-322,1991,23.9,1005,28,91,563,406,119,963,32,84,38.1,39,2,688,2470,1230,77,16,17,75,52,1189,748,62.9,161,Matches
231,Joelinton,,br BRA,MFFW,Newcastle Utd,25-221,1996,20.9,1088,67,254,548,375,71,1076,31,56,55.4,33,4,717,3631,2003,79,25,6,62,57,847,672,79.3,84,Matches
232,Ben Johnson,,eng ENG,DF,West Ham,22-058,2000,13.4,825,78,297,364,206,11,693,8,15,53.3,11,2,444,2169,962,40,20,1,11,12,476,437,91.8,16,Matches
233,Curtis Jones,,eng ENG,MF,Liverpool,21-052,2001,7.1,519,9,69,316,173,12,514,12,18,66.7,12,0,417,2242,1048,57,18,4,13,18,464,424,91.4,29,Matches
234,Phil Jones,,eng ENG,DF,Manchester Utd,30-030,1992,1,59,9,21,35,6,0,59,0,0,,0,0,41,202,121,4,1,0,0,0,39,39,100,0,Matches
235,Jorginho,,it ITA,MF,Chelsea,30-093,1991,20.8,1640,57,399,992,349,13,1603,9,11,81.8,10,1,1112,4276,2009,73,24,0,11,21,1261,1210,96,29,Matches
236,Diogo Jota,,pt POR,FW,Liverpool,25-109,1996,19.4,836,14,79,363,451,132,831,26,58,44.8,30,7,590,2904,1839,102,29,18,44,37,1041,642,61.7,166,Matches
237,James Justin,,eng ENG,DF,Leicester City,24-028,1998,4.1,280,22,125,110,66,8,250,2,6,33.3,3,0,166,619,320,10,5,0,1,3,188,168,89.4,8,Matches
238,Mathias Jorgensen,,dk DEN,DF,Brentford,31-334,1990,4.8,317,19,122,139,72,3,254,0,0,,0,0,136,647,448,10,5,0,1,2,158,148,93.7,1,Matches
239,Ozan Kabak,,tr TUR,DF,Norwich City,21-363,2000,10.2,514,75,325,208,16,5,498,14,18,77.8,14,0,319,1691,948,15,3,0,3,6,333,320,96.1,0,Matches
240,Christian Kabasele,,be BEL,DF,Watford,31-027,1991,5.3,275,50,185,95,8,3,270,0,0,,0,0,160,694,314,7,0,0,0,1,172,171,99.4,0,Matches
241,Samuel Kalu,,ng NGA,FWMF,Watford,24-209,1997,0.5,8,1,3,3,3,0,8,1,1,100,1,0,6,44,35,3,1,0,0,0,14,6,42.9,1,Matches
242,Hassane Kamara,,ci CIV,DF,Watford,27-185,1994,10.9,776,52,353,351,116,8,652,9,18,50,9,1,404,2080,931,29,11,2,8,8,382,355,92.9,12,Matches
243,Harry Kane,,eng ENG,FW,Tottenham,28-238,1993,26.9,1120,34,108,577,513,142,1066,48,75,64,51,7,794,4120,1920,105,36,20,71,55,1365,864,63.3,218,Matches
244,N'Golo Kante,,fr FRA,MF,Chelsea,30-359,1991,13.3,961,28,213,484,338,24,957,27,38,71.1,27,1,708,3696,2085,92,37,6,18,22,783,715,91.3,61,Matches
245,Edo Kayembe,,cd COD,MF,Watford,23-232,1998,4.6,288,15,81,183,49,2,283,3,7,42.9,3,0,198,1256,620,25,6,0,3,3,182,170,93.4,7,Matches
246,Moise Kean,,it ITA,FW,Everton,22-023,2000,0,2,0,0,2,0,0,2,0,0,,0,0,0,0,0,0,0,0,0,1,3,2,66.7,0,Matches
247,Michael Keane,,eng ENG,DF,Everton,29-071,1993,24.5,1198,184,646,566,47,19,1178,5,7,71.4,5,0,605,3384,1512,41,6,0,5,2,652,633,97.1,4,Matches
248,Naby Keita,,gn GUI,MF,Liverpool,27-041,1995,9.2,666,12,93,398,211,18,657,9,13,69.2,9,0,491,2370,1375,74,17,7,14,9,554,494,89.2,23,Matches
249,Caoimhin Kelleher,,ie IRL,GK,Liverpool,23-120,1998,2,94,72,94,0,0,0,75,0,0,,0,0,53,160,93,0,0,0,0,0,54,54,100,0,Matches
250,Jonjoe Kenny,,eng ENG,DF,Everton,25-008,1997,7.8,407,23,115,211,101,7,344,3,5,60,3,1,218,882,450,24,9,3,4,4,230,215,93.5,8,Matches
251,Max Kilman,,eng ENG,DF,Wolves,24-304,1997,27.9,1646,190,868,791,101,22,1613,12,16,75,13,0,1056,5631,3255,105,26,1,8,9,1112,1089,97.9,7,Matches
252,Joshua King,,no NOR,FW,Watford,30-067,1992,21.9,762,30,95,364,352,113,732,35,65,53.8,37,3,478,2589,1444,75,23,25,78,40,994,533,53.6,150,Matches
253,Kristoffer Klaesson,,no NOR,GK,Leeds United,21-116,2000,0.4,14,12,14,0,0,0,11,0,0,,0,0,5,28,11,0,0,0,0,0,4,4,100,0,Matches
254,Mateusz Klich,,pl POL,MF,Leeds United,31-283,1990,18.3,970,29,199,482,347,55,944,17,25,68,18,0,654,3561,1743,88,27,6,19,21,817,655,80.2,114,Matches
255,Robin Koch,,de GER,MFDF,Leeds United,25-249,1996,11.2,520,63,227,257,56,9,514,2,2,100,2,0,265,1020,501,12,5,1,3,4,311,290,93.2,4,Matches
256,Sead Kolasinac,,ba BIH,DF,Arsenal,28-276,1993,1,27,8,19,8,0,0,25,0,0,,0,0,10,30,15,0,0,0,0,0,8,7,87.5,0,Matches
257,Ibrahima Konate,,fr FRA,DF,Liverpool,22-302,1999,8,570,67,268,319,10,4,563,2,2,100,2,0,373,1747,1022,25,0,0,2,2,386,377,97.7,2,Matches
258,Ezri Konsa,,eng ENG,DF,Aston Villa,24-151,1997,22,923,167,544,366,63,32,896,5,6,83.3,5,0,545,2467,1314,22,7,0,9,5,599,564,94.2,7,Matches
259,Cheikhou Kouyate,,sn SEN,MF,Crystal Palace,32-092,1989,18.5,888,76,316,506,102,7,873,11,17,64.7,12,0,496,2026,861,21,6,0,22,15,464,430,92.7,6,Matches
260,Mateo Kovacic,,hr CRO,MF,Chelsea,27-321,1994,14.2,1111,22,217,700,294,15,1094,28,34,82.4,29,0,855,4608,2351,106,50,5,11,23,905,867,95.8,22,Matches
261,Emil Krafth,,se SWE,DF,Newcastle Utd,27-233,1994,11.5,571,57,260,217,122,7,477,3,4,75,3,0,274,1468,868,36,14,1,3,1,290,266,91.7,3,Matches
262,Alex Kral,,cz CZE,MF,West Ham,23-308,1998,0,2,0,0,2,0,0,2,0,0,,0,0,1,4,0,0,0,0,0,0,0,0,,0,Matches
263,Tim Krul,,nl NED,GK,Norwich City,33-354,1988,22,876,745,865,14,1,0,628,0,0,,0,0,366,1642,922,0,0,0,0,0,392,390,99.5,0,Matches
264,Juraj Kucka,,sk SVK,MF,Watford,35-025,1987,17.6,839,72,261,434,188,22,815,15,29,51.7,17,6,402,1897,1058,52,15,3,21,21,507,415,81.9,13,Matches
265,Dejan Kulusevski,,se SWE,MFFW,Tottenham,21-332,2000,7.6,376,2,52,169,175,43,365,18,32,56.3,19,3,295,1456,802,59,8,14,16,17,357,272,76.2,55,Matches
266,Alexandre Lacazette,,fr FRA,FWMF,Arsenal,30-299,1991,17,590,4,66,270,290,96,577,16,28,57.1,16,1,374,1445,792,42,13,7,38,23,682,439,64.4,107,Matches
267,Adam Lallana,,eng ENG,MF,Brighton,33-317,1988,16.8,1087,42,276,608,269,36,1079,17,26,65.4,18,0,777,3103,1362,61,17,4,21,19,840,773,92,63,Matches
268,Tariq Lamptey,,eng ENG,DFFW,Brighton,21-174,2000,14.2,871,32,188,325,431,41,808,26,54,48.1,27,0,636,3651,2332,132,24,17,25,21,739,592,80.1,66,Matches
269,Manuel Lanzini,,ar ARG,MF,West Ham,29-036,1993,14.7,1011,20,189,571,312,36,959,15,22,68.2,15,1,723,3407,1570,86,30,7,15,16,812,720,88.7,47,Matches
270,Aymeric Laporte,,es ESP,DF,Manchester City,27-300,1994,23.1,2262,178,817,1508,140,38,2220,3,5,60,3,0,1689,10769,7400,273,44,1,1,3,1884,1853,98.4,6,Matches
271,Jamaal Lascelles,,eng ENG,DF,Newcastle Utd,28-132,1993,18.8,748,196,492,224,56,40,740,1,1,100,1,0,310,1322,527,8,0,0,4,4,393,373,94.9,4,Matches
272,Pierre Lees-Melou,,fr FRA,MF,Norwich City,28-302,1993,17.8,895,58,276,446,213,23,882,9,19,47.4,12,1,559,2493,1066,36,10,5,9,6,650,574,88.3,33,Matches
273,Aaron Lennon,,eng ENG,MFFW,Burnley,34-341,1987,11.9,376,17,63,161,174,26,371,10,26,38.5,13,1,243,1196,604,33,11,10,15,12,313,226,72.2,33,Matches
274,Bernd Leno,,de GER,GK,Arsenal,30-019,1992,4,125,105,125,0,0,0,82,0,0,,0,0,56,290,112,0,0,0,0,0,47,47,100,0,Matches
275,Jamal Lewis,,nir NIR,DF,Newcastle Utd,24-057,1998,2.9,138,10,57,51,33,1,115,0,2,0,0,0,74,318,98,4,0,1,1,8,73,64,87.7,2,Matches
276,Victor Lindelof,,se SWE,DF,Manchester Utd,27-249,1994,18.2,1091,180,645,483,42,7,1068,0,1,0,0,0,635,4315,2205,48,12,0,2,3,696,689,99,1,Matches
277,Jesse Lingard,,eng ENG,FW,Manchester Utd,29-098,1992,2.3,111,1,11,41,61,9,109,1,5,20,3,0,74,378,236,9,2,1,5,4,125,83,66.4,14,Matches
278,Valentino Livramento,,eng ENG,DF,Southampton,19-131,2002,22.2,1341,74,381,633,442,46,1153,30,52,57.7,35,1,790,5316,2978,119,47,13,29,26,793,705,88.9,51,Matches
279,Diego Llorente,,es ESP,DF,Leeds United,28-219,1993,19,1247,186,742,573,43,9,1217,7,9,77.8,7,1,782,5921,3886,51,6,0,5,10,815,792,97.2,2,Matches
280,Hugo Lloris,,fr FRA,GK,Tottenham,35-087,1986,29,799,732,798,2,0,0,548,0,0,,0,0,300,1357,687,0,0,0,0,0,275,273,99.3,0,Matches
281,Giovani Lo Celso,,ar ARG,MFFW,Tottenham,25-348,1996,2.6,196,1,25,99,85,10,184,6,8,75,8,0,142,754,386,20,6,1,8,10,173,145,83.8,23,Matches
282,Jurgen Locadia,,nl NED,FW,Brighton,28-136,1993,0.3,6,0,0,3,3,2,6,1,1,100,1,0,5,10,4,0,0,0,0,1,15,4,26.7,0,Matches
283,Ruben Loftus-Cheek,,eng ENG,MF,Chelsea,26-059,1996,8.7,624,13,117,380,172,19,620,27,39,69.2,28,3,472,2401,1522,72,24,4,12,22,497,455,91.5,28,Matches
284,Shane Long,,ie IRL,FWMF,Southampton,35-060,1987,1.6,70,1,6,23,45,4,70,2,4,50,2,0,38,126,28,1,0,0,5,8,91,53,58.2,10,Matches
285,Sean Longstaff,,eng ENG,MF,Newcastle Utd,24-144,1997,12.2,599,38,172,341,122,10,576,3,5,60,3,0,364,1702,605,15,6,0,7,18,378,339,89.7,14,Matches
286,Ademola Lookman,,eng ENG,FWMF,Leicester City,24-154,1997,12.7,613,7,84,292,279,72,603,34,52,65.4,35,5,504,2314,1343,83,22,15,28,44,571,427,74.8,92,Matches
287,Jonas Lossl,,dk DEN,GK,Brentford,33-050,1989,2,66,54,65,1,0,0,50,0,0,,0,0,42,214,140,0,0,0,0,0,36,35,97.2,0,Matches
288,Imran Louza,,ma MAR,MF,Watford,22-326,1999,11.1,614,36,166,373,113,5,560,11,18,61.1,11,0,330,1939,975,27,7,2,10,4,343,320,93.3,11,Matches
289,Matthew Lowton,,eng ENG,DF,Burnley,32-287,1989,16.8,916,79,283,423,250,7,747,7,13,53.8,8,0,407,1782,1047,47,17,1,8,7,450,408,90.7,13,Matches
290,Douglas Luiz,,br BRA,MF,Aston Villa,23-318,1998,22.9,1286,62,341,731,273,4,1162,12,26,46.2,13,2,772,3851,1736,64,16,0,24,16,833,765,91.8,21,Matches
291,Romelu Lukaku,,be BEL,FW,Chelsea,28-314,1993,13.5,366,16,27,175,188,75,347,11,20,55,13,0,223,1021,641,34,10,18,29,23,602,270,44.9,111,Matches
292,Lyanco,,br BRA,DF,Southampton,25-050,1997,6.1,308,54,164,147,17,5,300,3,4,75,3,0,162,831,325,10,3,1,2,3,150,146,97.3,2,Matches
293,Alexis Mac Allister,,ar ARG,MFFW,Brighton,23-089,1998,14.9,958,30,172,448,385,32,894,10,28,35.7,13,2,593,2653,1360,69,21,1,12,22,678,604,89.1,53,Matches
294,James Maddison,,eng ENG,MFFW,Leicester City,25-120,1996,19.1,915,17,135,479,357,59,816,26,43,60.5,27,1,644,3298,1734,91,23,8,25,22,811,646,79.7,104,Matches
295,Harry Maguire,,eng ENG,DF,Manchester Utd,29-018,1993,22.7,1435,209,718,732,76,29,1398,3,5,60,3,0,854,5837,3124,91,18,0,4,4,949,927,97.7,3,Matches
296,Riyad Mahrez,,dz ALG,FW,Manchester City,31-030,1991,13.5,908,13,60,273,632,104,827,20,34,58.8,20,0,705,3739,1983,120,21,29,23,27,807,703,87.1,114,Matches
297,Ainsley Maitland-Niles,,eng ENG,MF,Arsenal,24-206,1997,3,171,9,47,89,41,1,166,2,7,28.6,2,0,101,422,216,10,1,0,3,5,116,108,93.1,3,Matches
298,Sadio Mane,,sn SEN,FW,Liverpool,29-347,1992,24.7,1217,14,91,524,698,208,1209,41,69,59.4,44,8,949,5383,2822,164,45,48,88,58,1476,968,65.6,278,Matches
299,Javier Manquillo,,es ESP,DF,Newcastle Utd,27-322,1994,13.3,523,56,211,205,129,11,429,8,12,66.7,8,0,241,1099,504,19,8,1,9,6,247,204,82.6,18,Matches
300,Fernando Marcal,,br BRA,DF,Wolves,33-032,1989,14.2,941,63,309,383,309,21,820,8,15,53.3,9,2,531,2442,1502,89,28,2,9,11,582,531,91.2,42,Matches
301,Solly March,,eng ENG,DFFW,Brighton,27-246,1994,13.8,720,34,123,252,389,55,653,19,32,59.4,19,1,495,3069,1760,90,17,16,16,21,598,463,77.4,67,Matches
302,Pablo Mari,,es ESP,DF,Arsenal,28-204,1993,2,114,15,55,61,7,3,113,1,1,100,1,0,59,353,190,4,1,0,0,0,66,65,98.5,2,Matches
303,Anthony Martial,,fr FRA,FW,Manchester Utd,26-108,1995,2.4,110,1,9,40,66,19,109,5,7,71.4,5,0,88,489,327,18,4,4,4,2,143,95,66.4,30,Matches
304,Martinelli,,br BRA,FWMF,Arsenal,20-278,2001,13.8,567,21,67,188,355,87,535,18,37,48.6,20,3,388,2884,1702,90,23,25,34,25,560,371,66.3,93,Matches
305,Emiliano Martinez,,ar ARG,GK,Aston Villa,29-202,1992,28,917,792,904,15,0,0,615,1,1,100,1,0,429,2080,1183,0,0,0,0,0,358,354,98.9,0,Matches
306,Adam Masina,,ma MAR,DF,Watford,28-080,1994,9.6,526,56,207,232,101,2,433,8,10,80,8,0,249,996,537,19,6,0,4,4,263,245,93.2,4,Matches
307,Arthur Masuaku,,cd COD,DFFW,West Ham,28-136,1993,6.2,424,27,122,174,147,9,386,5,7,71.4,5,1,264,1100,631,34,7,4,7,7,266,243,91.4,9,Matches
308,Jean-Philippe Mateta,,fr FRA,FW,Crystal Palace,24-268,1997,7.2,212,14,29,109,81,33,201,12,19,63.2,12,1,108,414,189,14,2,6,15,8,306,141,46.1,31,Matches
309,Nemanja Matic,,rs SRB,MF,Manchester Utd,33-234,1988,10.2,785,39,233,498,118,4,765,7,9,77.8,7,0,522,3248,2024,79,15,0,12,9,572,554,96.9,6,Matches
310,Joel Matip,,cm CMR,DF,Liverpool,30-227,1991,23,1870,182,770,1150,139,44,1831,12,13,92.3,12,0,1193,7987,5545,198,57,4,6,7,1342,1307,97.4,8,Matches
311,Neal Maupay,,fr FRA,FW,Brighton,25-221,1996,22.7,773,8,50,324,437,111,723,27,44,61.4,30,4,532,2052,924,54,20,8,46,53,1043,546,52.3,183,Matches
312,Bryan Mbeumo,,fr FRA,FWMF,Brentford,22-228,1999,24.8,937,18,105,368,526,107,889,29,59,49.2,30,4,591,3112,1650,86,24,23,67,50,1223,633,51.8,205,Matches
313,James McArthur,,sct SCO,MF,Crystal Palace,34-167,1987,12.9,869,43,209,511,197,20,831,13,19,68.4,13,2,581,2951,1334,51,19,2,9,20,594,536,90.2,30,Matches
314,James Mcatee,,eng ENG,MFFW,Manchester City,19-156,2002,0.2,17,0,1,10,6,3,17,1,1,100,1,0,12,38,29,2,0,1,0,2,13,13,100,3,Matches
315,Kasey McAteer,,eng ENG,FW,Leicester City,20-121,2001,0,2,1,1,0,1,0,2,0,0,,0,0,2,5,5,0,0,0,1,0,4,2,50,0,Matches
316,Liam McCarron,,sct SCO,FW,Leeds United,21-016,2001,0.1,2,0,1,2,0,0,2,0,0,,0,0,2,32,8,1,0,0,0,0,1,1,100,0,Matches
317,Alex McCarthy,,eng ENG,GK,Southampton,32-110,1989,15,483,397,480,4,0,0,340,0,0,,0,0,220,829,480,0,0,0,0,0,208,206,99,0,Matches
318,John McGinn,,sct SCO,MF,Aston Villa,27-156,1994,25.3,1309,57,311,714,374,24,1217,27,44,61.4,29,1,852,4175,2362,97,26,5,27,30,873,788,90.3,47,Matches
319,Stuart McKinstry,,sct SCO,MF,Leeds United,19-186,2002,0,5,0,2,4,0,0,5,0,0,,0,0,4,31,28,0,0,0,1,0,5,3,60,0,Matches
320,Kenny McLean,,sct SCO,MF,Norwich City,30-074,1992,26.3,1160,64,326,614,287,40,1133,12,26,46.2,14,0,656,3534,1588,64,16,3,23,18,953,754,79.1,67,Matches
321,Dwight McNeil,,eng ENG,MF,Burnley,22-121,1999,26,1177,44,220,561,515,46,1117,58,100,58,63,3,882,5993,2765,143,50,13,34,45,860,696,80.9,70,Matches
322,Scott McTominay,,sct SCO,MF,Manchester Utd,25-105,1996,20.9,1249,69,330,742,261,21,1227,29,41,70.7,29,0,805,4664,2279,105,40,3,23,26,836,765,91.5,30,Matches
323,Ben Mee,,eng ENG,DF,Burnley,32-181,1989,20.4,974,146,494,467,50,28,947,4,6,66.7,5,0,474,2388,1029,19,1,0,4,5,472,452,95.8,3,Matches
324,Benjamin Mendy,,fr FRA,DF,Manchester City,27-249,1994,0.9,94,0,16,57,28,1,82,1,2,50,1,1,69,302,204,8,4,0,0,1,72,69,95.8,1,Matches
325,Edouard Mendy,,sn SEN,GK,Chelsea,30-022,1992,24,738,653,736,4,0,0,578,0,0,,0,0,369,1349,541,0,0,0,1,0,383,382,99.7,0,Matches
326,Nampalys Mendy,,sn SEN,MF,Leicester City,29-273,1992,1.8,107,6,40,71,5,0,106,0,3,0,1,0,87,562,280,9,1,0,0,0,84,81,96.4,0,Matches
327,Illan Meslier,,fr FRA,GK,Leeds United,22-021,2000,29.6,1178,1049,1178,1,0,0,904,2,2,100,2,0,640,2690,1320,0,0,0,3,0,581,580,99.8,0,Matches
328,Luka Milivojevic,,rs SRB,MF,Crystal Palace,30-350,1991,7.2,483,19,122,264,113,2,437,2,3,66.7,2,0,246,968,428,17,6,0,2,0,303,296,97.7,5,Matches
329,James Milner,,eng ENG,MFDF,Liverpool,36-078,1986,7.1,627,38,156,313,183,8,586,3,5,60,3,0,382,1464,781,32,12,0,4,5,447,407,91.1,19,Matches
330,Yerry Mina,,co COL,DF,Everton,27-181,1994,7.2,360,76,206,148,19,11,355,0,0,,0,0,196,1074,493,6,0,0,2,0,213,203,95.3,2,Matches
331,Takumi Minamino,,jp JPN,FWMF,Liverpool,27-066,1995,1.1,53,0,5,23,26,5,53,0,2,0,0,0,39,169,84,5,0,0,2,0,63,43,68.3,9,Matches
332,Tyrone Mings,,eng ENG,DF,Aston Villa,29-010,1993,26.4,1481,282,910,566,100,47,1429,9,11,81.8,9,0,831,5197,2761,51,13,1,6,2,933,886,95,8,Matches
333,Tyrick Mitchell,,eng ENG,DF,Crystal Palace,22-203,1999,28.9,1914,130,752,822,439,28,1585,12,24,50,13,0,1036,4425,2317,79,33,2,27,32,1046,974,93.1,52,Matches
334,Jakub Moder,,pl POL,MFFW,Brighton,22-350,1999,18.8,1048,38,200,436,484,68,1018,14,34,41.2,16,4,679,3382,1668,88,36,4,31,27,891,719,80.7,91,Matches
335,Wesley Moraes,,br BRA,FW,Aston Villa,25-117,1996,0,4,0,0,1,3,0,4,0,0,,0,0,1,0,0,0,0,0,1,0,6,4,66.7,1,Matches
336,Tyler Morton,,eng ENG,MF,Liverpool,19-143,2002,0.7,39,0,3,33,5,0,39,0,0,,0,0,27,91,36,2,0,0,0,0,23,21,91.3,0,Matches
337,Mason Mount,,eng ENG,MFFW,Chelsea,23-072,1999,18.5,1074,11,109,386,641,100,984,15,34,44.1,16,2,759,3543,1939,106,43,18,33,34,1028,796,77.4,158,Matches
338,Lucas Moura,,br BRA,FWMF,Tottenham,29-222,1992,17.1,905,20,97,506,384,51,895,36,61,59,39,1,655,3413,1868,123,45,11,48,37,863,685,79.4,88,Matches
339,Joao Moutinho,,pt POR,MF,Wolves,35-196,1986,25.1,1691,59,401,980,383,4,1558,10,13,76.9,11,0,1079,4587,2284,98,25,1,18,17,1164,1089,93.6,33,Matches
340,Bali Mumba,,eng ENG,DF,Norwich City,20-166,2001,0.5,19,8,12,4,3,0,19,0,1,0,0,0,9,53,19,1,0,0,0,0,9,8,88.9,0,Matches
341,Jacob Murphy,,eng ENG,DFFW,Newcastle Utd,27-027,1995,13.5,670,29,175,259,284,54,588,13,26,50,15,2,404,2713,1730,86,20,12,18,22,458,361,78.8,43,Matches
342,Enock Mwepu,,zm ZAM,MF,Brighton,24-081,1998,7.1,361,17,75,187,130,26,360,10,18,55.6,12,0,240,1118,620,29,11,4,14,9,303,234,77.2,33,Matches
343,Vitaliy Mykolenko,,ua UKR,DF,Everton,22-298,1999,2,115,6,33,60,25,3,99,0,1,0,0,0,63,226,86,1,0,0,0,1,58,56,96.6,1,Matches
344,Marvelous Nakamba,,zw ZIM,MF,Aston Villa,28-063,1994,8.4,397,29,127,238,48,0,389,3,5,60,3,0,231,1060,392,14,4,0,4,8,236,219,92.8,4,Matches
345,Wilfred Ndidi,,ng NGA,MFDF,Leicester City,25-097,1996,18,1180,103,422,655,150,18,1160,7,10,70,7,0,687,2943,1184,41,10,1,18,14,700,668,95.4,12,Matches
346,Tanguy Ndombele,,fr FRA,MF,Tottenham,25-085,1996,5.4,352,5,46,217,114,13,344,13,24,54.2,13,1,264,1289,794,52,15,7,15,19,313,278,88.8,30,Matches
347,Reiss Nelson,,eng ENG,FW,Arsenal,22-103,1999,0.2,16,0,0,7,10,2,16,0,0,,0,0,11,44,14,0,0,0,1,0,12,11,91.7,3,Matches
348,Pedro Neto,,pt POR,MFFW,Wolves,22-014,2000,1.5,100,1,10,40,61,9,92,2,3,66.7,2,0,78,578,382,15,7,2,7,5,89,71,79.8,10,Matches
349,Ruben Neves,,pt POR,MF,Wolves,25-010,1997,25.2,1951,89,504,1191,349,8,1888,22,32,68.8,24,2,1369,5331,2642,98,31,3,15,19,1438,1381,96,24,Matches
350,Jeremy Ngakia,,eng ENG,DF,Watford,21-197,2000,7,381,29,164,145,94,2,313,9,14,64.3,10,2,186,831,478,17,10,0,1,4,181,163,90.1,5,Matches
351,Saul Niguez,,es ESP,DFMF,Chelsea,27-122,1994,3.8,305,9,73,147,92,11,281,1,4,25,1,0,170,518,189,8,2,1,6,9,227,204,89.9,19,Matches
352,Eddie Nketiah,,eng ENG,FWMF,Arsenal,22-297,1999,1.4,93,0,17,41,43,11,92,4,8,50,5,0,70,404,274,14,6,3,16,3,106,66,62.3,15,Matches
353,Nicolas Nkoulou,,cm CMR,DF,Watford,31-361,1990,1.9,72,11,38,34,2,0,71,1,1,100,1,0,42,126,47,0,0,0,0,1,41,40,97.6,0,Matches
354,Mark Noble,,eng ENG,MF,West Ham,34-319,1987,1.4,96,1,22,69,8,2,89,1,1,100,1,0,55,199,64,2,1,0,2,0,73,70,95.9,0,Matches
355,Mathias Normann,,no NOR,MF,Norwich City,25-299,1996,11.9,646,46,216,343,122,2,609,17,24,70.8,17,0,361,1810,889,39,10,0,13,13,392,362,92.3,3,Matches
356,Christian Norgaard,,dk DEN,MF,Brentford,28-013,1994,28.2,1711,88,457,1041,284,51,1634,12,22,54.5,13,0,882,3520,1722,69,22,4,14,24,1032,924,89.5,28,Matches
357,Angelo Ogbonna,,it ITA,DF,West Ham,33-304,1988,10.2,528,69,293,251,14,8,523,0,0,,0,0,353,1947,714,6,1,0,0,1,375,363,96.8,1,Matches
358,Michael Olise,,fr FRA,FWMF,Crystal Palace,20-101,2001,10.8,700,15,78,338,350,35,653,21,45,46.7,21,0,509,3077,1966,106,33,10,20,27,614,502,81.8,36,Matches
359,Andrew Omobamidele,,ie IRL,DF,Norwich City,19-273,2002,4.2,276,30,139,144,17,2,263,0,0,,0,0,162,931,539,16,5,0,2,1,164,161,98.2,1,Matches
360,Tyler Onyango,,eng ENG,MFFW,Everton,19-019,2003,0.3,5,0,1,3,1,1,5,1,2,50,1,1,2,0,0,0,0,0,0,0,6,2,33.3,0,Matches
361,Frank Onyeka,,ng NGA,MF,Brentford,24-081,1998,11.6,469,24,127,242,129,18,461,9,14,64.3,10,0,284,1652,864,35,9,3,11,18,354,272,76.8,30,Matches
362,Divock Origi,,be BEL,FW,Liverpool,26-339,1995,0.8,40,1,2,9,29,13,40,1,2,50,2,0,28,97,36,3,0,1,6,2,40,32,80,12,Matches
363,Alex Oxlade-Chamberlain,,eng ENG,MFFW,Liverpool,28-220,1993,8.7,503,6,50,259,245,33,493,10,15,66.7,13,0,366,2087,1234,65,33,5,10,18,465,371,79.8,54,Matches
364,Cole Palmer,,eng ENG,FWMF,Manchester City,19-321,2002,1.4,76,0,5,30,46,15,76,1,3,33.3,1,1,57,265,139,7,2,3,6,4,73,62,84.9,21,Matches
365,Emerson Palmieri,,it ITA,DF,Chelsea,27-232,1994,0.1,2,0,0,1,1,1,2,0,0,,0,0,2,10,2,0,0,0,0,0,2,2,100,1,Matches
366,Thomas Partey,,gh GHA,MF,Arsenal,28-283,1993,21.7,1371,63,385,803,277,22,1350,28,38,73.7,28,4,953,4666,2419,83,29,2,14,17,1004,959,95.5,11,Matches
367,Joao Pedro,,br BRA,FWMF,Watford,20-178,2001,11.3,540,15,66,260,267,56,528,31,54,57.4,33,4,370,2071,1217,57,26,10,26,43,559,382,68.3,65,Matches
368,Nicolas Pepe,,ci CIV,FWMF,Arsenal,26-298,1995,6.7,433,11,58,144,253,54,394,15,32,46.9,16,1,305,1338,676,46,10,8,27,20,375,290,77.3,48,Matches
369,Ricardo Pereira,,pt POR,DF,Leicester City,28-168,1993,9.8,709,36,218,351,179,20,619,10,16,62.5,10,2,428,1710,1044,50,14,4,8,6,468,420,89.7,12,Matches
370,Ayoze Perez,,es ESP,FWMF,Leicester City,28-243,1993,2.4,108,2,14,62,39,14,107,1,6,16.7,1,1,68,278,173,12,6,2,6,3,107,81,75.7,20,Matches
371,Sonny Perkins,,eng ENG,FW,West Ham,18-041,2004,0,1,0,0,1,0,0,1,0,0,,0,0,0,0,0,0,0,0,0,0,3,1,33.3,0,Matches
372,Romain Perraud,,fr FRA,DF,Southampton,24-182,1997,13.4,710,38,183,292,269,22,598,6,17,35.3,8,0,412,2172,1139,46,16,4,13,8,440,384,87.3,30,Matches
373,Kalvin Phillips,,eng ENG,MF,Leeds United,26-111,1995,11.1,768,50,257,430,130,7,744,4,8,50,6,0,483,2285,918,18,6,2,6,15,496,480,96.8,15,Matches
374,Jaden Philogene Bidace,,eng ENG,FW,Aston Villa,19-309,2002,0.1,3,0,1,0,2,0,3,0,0,,0,0,1,0,0,0,0,0,0,1,4,2,50,1,Matches
375,Jordan Pickford,,eng ENG,GK,Everton,28-016,1994,25,872,753,860,14,0,0,603,1,1,100,1,0,388,2526,1351,0,0,0,0,0,352,351,99.7,0,Matches
376,Erik Pieters,,nl NED,DF,Burnley,33-228,1988,7.9,450,56,164,209,99,3,372,3,6,50,3,0,192,920,542,18,9,0,7,3,190,178,93.7,4,Matches
377,Ethan Pinnock,,jm JAM,DF,Brentford,28-298,1993,27.7,1788,284,957,686,213,53,1567,3,6,50,4,0,741,3795,2075,39,8,0,13,6,925,881,95.2,11,Matches
378,Daniel Podence,,pt POR,FWMF,Wolves,26-153,1995,15.6,784,2,90,365,406,55,749,32,67,47.8,33,4,612,3495,2264,113,48,23,31,32,825,613,74.3,94,Matches
379,Paul Pogba,,fr FRA,MFFW,Manchester Utd,29-008,1993,12.6,910,22,142,540,284,47,901,32,41,78,33,1,656,2760,1614,77,19,8,23,30,802,701,87.4,53,Matches
380,Nick Pope,,eng ENG,GK,Burnley,29-338,1992,25,808,670,794,18,0,0,529,1,1,100,1,0,324,2338,1370,0,0,0,0,0,233,233,100,0,Matches
381,Teemu Pukki,,fi FIN,FW,Norwich City,31-359,1990,27.2,629,5,40,293,332,127,563,18,47,38.3,20,3,377,1680,917,47,18,16,45,36,963,392,40.7,155,Matches
382,Christian Pulisic,,us USA,MFFW,Chelsea,23-186,1998,10.5,500,7,67,216,257,58,484,16,34,47.1,20,1,368,1972,1060,65,14,11,31,22,531,375,70.6,90,Matches
383,Przemyslaw Placheta,,pl POL,FWMF,Norwich City,24-000,1998,4.9,200,8,49,72,89,12,183,3,7,42.9,3,0,130,859,478,18,4,5,10,13,185,121,65.4,19,Matches
384,Jesuran Rak Sakyi,,eng ENG,MF,Crystal Palace,19-169,2002,0.2,13,0,1,8,4,0,11,0,0,,0,0,8,33,4,0,0,0,0,1,11,9,81.8,1,Matches
385,Aaron Ramsdale,,eng ENG,GK,Arsenal,23-313,1998,24,906,740,902,6,0,0,712,1,1,100,1,0,497,2573,1391,0,0,0,0,0,440,437,99.3,0,Matches
386,Jacob Ramsey,,eng ENG,MF,Aston Villa,20-299,2001,21.4,1071,40,230,590,358,43,1062,21,35,60,24,2,797,5186,2846,129,46,9,47,36,882,762,86.4,68,Matches
387,Marcus Rashford,,eng ENG,FWMF,Manchester Utd,24-143,1997,10.4,455,6,47,184,255,60,450,18,43,41.9,21,3,314,1584,1001,52,14,12,24,20,554,375,67.7,98,Matches
388,Milot Rashica,,xk KVX,FWMF,Norwich City,25-268,1996,18,696,30,151,287,340,43,624,16,56,28.6,19,3,456,3531,2352,88,39,16,38,38,635,414,65.2,73,Matches
389,David Raya,,es ESP,GK,Brentford,26-189,1995,16,766,606,748,21,0,0,582,0,0,,0,0,379,2029,1009,1,0,0,1,0,385,384,99.7,0,Matches
390,Nathan Redmond,,eng ENG,MFFW,Southampton,28-017,1994,15.1,678,20,88,306,339,39,648,16,30,53.3,19,3,456,3020,1703,92,37,13,19,16,631,469,74.3,75,Matches
391,Sergio Reguilon,,es ESP,DF,Tottenham,25-097,1996,19.5,1173,72,311,476,445,54,1022,18,47,38.3,18,4,716,3341,1877,94,32,10,24,19,813,704,86.6,75,Matches
392,Declan Rice,,eng ENG,MF,West Ham,23-068,1999,28,1907,109,527,1240,349,39,1884,29,49,59.2,33,2,1365,10179,5312,207,76,12,15,24,1374,1312,95.5,27,Matches
393,Taylor Richards,,eng ENG,MFFW,Brighton,21-109,2000,0.3,32,0,3,15,16,0,32,0,1,0,1,0,26,123,59,3,2,0,0,1,29,26,89.7,4,Matches
394,Richarlison,,br BRA,FWMF,Everton,24-317,1997,18.2,622,21,72,256,326,81,607,21,46,45.7,24,2,408,1732,891,50,11,10,51,48,795,402,50.6,95,Matches
395,Jairo Riedewald,,nl NED,MF,Crystal Palace,25-195,1996,1.3,66,2,19,39,15,1,61,0,2,0,0,0,43,187,73,4,2,0,1,1,46,41,89.1,3,Matches
396,Matt Ritchie,,sct SCO,DF,Newcastle Utd,32-194,1989,14.6,800,45,254,328,250,9,621,3,5,60,3,1,387,1500,699,29,9,0,7,4,417,383,91.8,10,Matches
397,Connor Roberts,,wls WAL,DF,Burnley,26-181,1995,10.2,550,49,161,265,141,6,435,6,8,75,6,1,250,1144,592,30,10,3,3,1,252,228,90.5,6,Matches
398,Tyler Roberts,,wls WAL,MFFW,Leeds United,23-070,1999,11,435,12,71,213,191,49,420,9,22,40.9,9,0,310,1778,815,43,18,8,21,13,450,300,66.7,79,Matches
399,Andrew Robertson,,sct SCO,DF,Liverpool,28-012,1994,21.5,1928,65,420,926,693,79,1659,12,23,52.2,13,1,1207,5495,3391,157,53,8,14,12,1390,1278,91.9,102,Matches
400,Joe Rodon,,wls WAL,DF,Tottenham,24-152,1997,0.9,31,10,18,14,1,0,31,0,0,,0,0,16,49,5,0,0,0,0,0,17,15,88.2,0,Matches
401,Rodri,,es ESP,MF,Manchester City,25-274,1996,23.4,2264,70,434,1423,542,43,2238,7,15,46.7,8,1,1580,6689,3401,158,34,6,9,22,1799,1744,96.9,51,Matches
402,Rodrigo,,es ESP,MFFW,Leeds United,31-017,1991,18.1,860,23,126,441,356,63,816,14,37,37.8,15,0,588,2848,1267,74,27,8,44,25,845,630,74.6,145,Matches
403,Jay Rodriguez,,eng ENG,FW,Burnley,32-237,1989,10.5,317,9,48,145,143,34,314,7,12,58.3,9,2,143,853,399,23,9,2,16,9,461,218,47.3,49,Matches
404,Mads Roerslev,,dk DEN,DF,Brentford,22-272,1999,10.5,377,35,149,137,104,8,365,2,14,14.3,5,0,198,729,294,14,3,1,7,10,258,194,75.2,18,Matches
405,Cristian Romero,,ar ARG,DF,Tottenham,23-330,1998,14.5,1063,162,565,513,59,12,1040,3,7,42.9,4,0,708,3769,2054,48,12,1,7,3,735,711,96.7,7,Matches
406,Oriol Romeu,,es ESP,MF,Southampton,30-180,1991,25.7,1668,73,392,1038,347,36,1644,21,29,72.4,21,0,1084,5218,2708,122,35,5,23,16,1137,1082,95.2,33,Matches
407,Cristiano Ronaldo,,pt POR,FW,Manchester Utd,37-046,1985,21.3,878,27,70,395,453,146,849,16,31,51.6,18,0,540,2503,1407,101,23,27,30,29,1149,704,61.3,171,Matches
408,Salomon Rondon,,ve VEN,FW,Everton,32-188,1989,7.9,255,13,25,113,121,43,249,2,6,33.3,2,0,117,439,164,8,1,1,18,8,376,177,47.1,43,Matches
409,Danny Rose,,eng ENG,DF,Watford,31-264,1990,7.7,409,34,138,180,112,4,305,9,15,60,9,2,175,833,508,25,8,0,4,6,192,173,90.1,6,Matches
410,Jon Rowe,,eng ENG,FWMF,Norwich City,18-327,2003,1.2,62,1,10,23,33,5,61,4,6,66.7,5,0,49,240,100,7,1,1,1,5,64,39,60.9,6,Matches
411,Antonio Rudiger,,de GER,DF,Chelsea,29-020,1993,26,2070,180,861,1127,240,36,2023,4,6,66.7,4,0,1487,6906,4170,134,49,3,7,13,1644,1602,97.4,13,Matches
412,Lukas Rupp,,de GER,MF,Norwich City,31-074,1991,6.5,411,22,108,218,115,13,408,8,10,80,8,1,298,1395,675,35,12,0,11,15,319,286,89.7,22,Matches
413,Jose Sa,,pt POR,GK,Wolves,29-065,1993,30,968,891,960,8,0,0,691,1,1,100,1,0,440,2599,1430,0,0,0,0,0,311,311,100,0,Matches
414,Allan Saint-Maximin,,fr FRA,FWMF,Newcastle Utd,25-011,1997,22.7,898,6,86,449,514,106,876,105,175,60,114,2,859,5910,3825,182,67,42,62,87,955,683,71.5,94,Matches
415,Romain Saiss,,ma MAR,DF,Wolves,31-362,1990,27.4,1913,281,1101,777,115,32,1865,5,7,71.4,5,1,1101,4802,2542,65,16,1,5,7,1267,1233,97.3,6,Matches
416,Bukayo Saka,,eng ENG,FWMF,Arsenal,20-199,2001,23.7,1214,18,132,452,719,171,1160,39,77,50.6,40,5,917,5381,3639,200,47,48,63,46,1258,904,71.9,187,Matches
417,Mohamed Salah,,eg EGY,FW,Liverpool,29-281,1992,25.1,1265,5,55,401,884,271,1252,50,109,45.9,58,2,976,4393,2725,177,32,62,62,61,1600,1048,65.5,297,Matches
418,Mohammed Salisu,,gh GHA,DF,Southampton,22-340,1999,26,1830,233,875,923,144,31,1741,7,11,63.6,7,0,1028,6594,3153,105,15,0,6,15,1048,1024,97.7,4,Matches
419,Albert Sambi Lokonga,,be BEL,MF,Arsenal,22-152,1999,10.1,702,28,193,403,147,2,684,3,4,75,3,0,475,2884,1603,66,12,0,9,5,526,507,96.4,9,Matches
420,Davinson Sanchez,,co COL,DF,Tottenham,25-284,1996,14.8,1006,119,472,509,89,19,986,2,4,50,3,0,633,3271,1779,71,14,0,3,7,707,685,96.9,4,Matches
421,Robert Sanchez,,es ESP,GK,Brighton,24-125,1997,28,1275,988,1264,13,0,0,1056,0,0,,0,0,739,3267,1881,0,0,0,0,0,773,773,100,0,Matches
422,Jadon Sancho,,eng ENG,FWMF,Manchester Utd,21-363,2000,16.6,932,17,138,401,502,89,911,37,67,55.2,39,14,728,4615,3130,162,56,42,29,32,886,723,81.6,107,Matches
423,Morgan Sanson,,fr FRA,MF,Aston Villa,27-217,1994,3.2,185,5,43,115,45,2,185,4,4,100,4,0,141,931,472,21,6,0,5,8,139,120,86.3,4,Matches
424,Samir Santos,,br BRA,DF,Watford,27-108,1994,11,565,74,366,221,15,8,556,0,1,0,0,1,317,1527,703,11,2,1,1,4,327,320,97.9,1,Matches
425,Josh Sargent,,us USA,FWMF,Norwich City,22-031,2000,17.3,646,33,122,276,285,64,637,19,34,55.9,19,1,367,2014,948,37,16,4,40,36,682,402,58.9,90,Matches
426,Jeremy Sarmiento,,ec ECU,FW,Brighton,19-280,2002,0.2,16,2,6,7,4,0,16,1,1,100,1,0,11,103,65,1,0,0,1,1,9,8,88.9,1,Matches
427,Ismaila Sarr,,sn SEN,FWMF,Watford,24-026,1998,14.9,573,7,79,235,319,66,566,28,51,54.9,30,5,448,2931,1962,98,34,22,49,42,652,431,66.1,100,Matches
428,Malang Sarr,,fr FRA,DF,Chelsea,23-059,1999,4.7,374,30,150,207,40,0,350,0,2,0,0,0,244,1061,523,22,9,0,1,0,259,253,97.7,2,Matches
429,Dane Scarlett,,eng ENG,MF,Tottenham,17-364,2004,0,1,0,0,1,0,0,1,1,1,100,1,0,2,2,1,0,0,0,0,0,3,1,33.3,0,Matches
430,Fabian Schar,,ch SUI,DF,Newcastle Utd,30-093,1991,18.8,935,155,541,408,60,23,874,7,11,63.6,8,0,504,3266,1976,41,10,0,3,4,506,489,96.6,3,Matches
431,Jeffrey Schlupp,,gh GHA,MFFW,Crystal Palace,29-090,1992,14.4,651,31,146,358,185,47,646,22,40,55,25,3,396,1916,931,44,6,7,25,25,493,399,80.9,38,Matches
432,Kasper Schmeichel,,dk DEN,GK,Leicester City,35-138,1986,27,1047,930,1037,11,0,0,713,0,0,,0,0,447,1884,875,1,0,0,0,0,445,441,99.1,0,Matches
433,Ken Sema,,se SWE,MFFW,Watford,28-174,1993,6.1,217,18,71,93,66,9,211,6,13,46.2,7,2,134,681,373,18,2,3,12,16,193,117,60.6,22,Matches
434,Nelson Semedo,,pt POR,DF,Wolves,28-127,1993,22.1,1362,92,401,580,486,52,1165,30,60,50,36,3,872,4468,2838,139,48,16,33,26,907,786,86.7,76,Matches
435,Ryan Sessegnon,,eng ENG,DFMF,Tottenham,21-309,2000,6,276,17,90,93,104,16,246,5,13,38.5,5,0,175,874,480,25,2,4,11,11,196,163,83.2,20,Matches
436,Jamie Shackleton,,eng ENG,DFMF,Leeds United,22-166,1999,7.6,476,25,186,227,96,13,416,8,15,53.3,8,1,309,1480,776,27,7,2,4,6,310,277,89.4,14,Matches
437,Luke Shaw,,eng ENG,DF,Manchester Utd,26-254,1995,17.3,1284,61,312,614,460,16,1071,10,24,41.7,12,1,787,4280,2487,93,50,1,9,10,887,807,91,31,Matches
438,Jonjo Shelvey,,eng ENG,MF,Newcastle Utd,30-024,1992,17,874,42,276,482,160,3,806,7,10,70,9,0,513,2321,906,27,8,0,11,7,545,511,93.8,6,Matches
439,Francisco Sierralta,,cl CHI,DF,Watford,24-321,1997,4.7,244,66,191,62,2,2,239,1,1,100,1,0,121,522,251,1,0,0,2,1,134,131,97.8,0,Matches
440,Bernardo Silva,,pt POR,MFFW,Manchester City,27-225,1994,26.7,1854,42,246,883,883,180,1792,48,78,61.5,55,2,1419,8565,4972,287,89,34,33,29,1659,1455,87.7,186,Matches
441,Fabio Silva,,pt POR,FWMF,Wolves,19-247,2002,2.9,116,1,6,56,65,25,110,2,10,20,2,2,74,368,175,9,5,1,10,5,174,81,46.6,23,Matches
442,Thiago Silva,,br BRA,DF,Chelsea,37-182,1984,21.3,1969,296,972,1087,60,19,1934,4,5,80,4,1,1340,7706,4765,142,21,1,5,2,1486,1466,98.7,3,Matches
443,Ellis Simms,,eng ENG,FW,Everton,21-077,2001,0.7,19,2,4,12,3,1,19,0,0,,0,0,8,6,1,1,0,1,0,1,32,13,40.6,0,Matches
444,Moussa Sissoko,,fr FRA,MF,Watford,32-219,1989,26.8,1143,99,324,647,257,25,1123,36,52,69.2,38,2,676,3900,2106,66,27,5,25,32,713,618,86.7,47,Matches
445,Oliver Skipp,,eng ENG,MF,Tottenham,21-188,2000,15,952,30,192,658,155,10,936,2,3,66.7,2,0,650,3122,1712,85,29,5,8,13,730,690,94.5,13,Matches
446,William Smallbone,,ie IRL,MFFW,Southampton,22-030,2000,1.3,42,2,7,17,19,4,40,0,1,0,0,0,20,122,56,3,1,1,2,0,37,21,56.8,7,Matches
447,Emile Smith Rowe,,eng ENG,MFFW,Arsenal,21-238,2000,16.7,822,16,122,383,395,54,789,28,43,65.1,29,0,601,3484,2262,113,46,16,27,27,732,607,82.9,72,Matches
448,Cedric Soares,,pt POR,DF,Arsenal,30-204,1991,9.2,637,34,176,295,182,8,535,2,5,40,2,0,377,1522,668,32,8,0,2,7,405,371,91.6,8,Matches
449,Tomas Soucek,,cz CZE,MF,West Ham,27-024,1995,27.9,1445,122,399,789,331,78,1432,7,18,38.9,8,1,727,3362,1536,69,27,2,27,15,1075,863,80.3,50,Matches
450,Boubakary Soumare,,fr FRA,MF,Leicester City,23-024,1999,11.5,636,36,177,374,116,6,634,8,16,50,9,1,411,1804,747,34,5,1,15,17,498,446,89.6,21,Matches
451,Caglar Soyuncu,,tr TUR,DF,Leicester City,25-304,1996,23.7,1759,264,1023,788,50,14,1719,6,7,85.7,6,0,1101,5631,2531,44,11,0,6,3,1183,1165,98.5,2,Matches
452,Jason Steele,,eng ENG,GK,Brighton,31-217,1990,1,42,37,42,0,0,0,36,0,0,,0,0,28,90,36,0,0,0,0,0,28,28,100,0,Matches
453,Jed Steer,,eng ENG,GK,Aston Villa,29-181,1992,1,37,33,36,1,0,0,28,0,0,,0,0,19,77,52,0,0,0,0,0,20,19,95,0,Matches
454,Zack Steffen,,us USA,GK,Manchester City,26-355,1995,1,41,37,41,0,0,0,32,0,0,,0,0,18,58,23,0,0,0,0,0,20,20,100,0,Matches
455,Dale Stephens,,eng ENG,MF,Burnley,32-284,1989,1.4,73,4,13,54,10,0,73,0,0,,0,0,32,116,34,0,2,0,2,0,42,36,85.7,1,Matches
456,Jack Stephens,,eng ENG,DF,Southampton,28-055,1994,7,434,57,228,229,17,3,417,1,2,50,1,0,237,1598,900,22,7,0,1,0,255,248,97.3,1,Matches
457,Raheem Sterling,,eng ENG,FW,Manchester City,27-105,1994,17.4,955,5,47,296,678,173,948,31,78,39.7,34,2,823,3956,2366,151,23,43,32,54,1014,795,78.4,174,Matches
458,Finley Stevens,,wls WAL,DF,Brentford,18-347,2003,0.2,10,0,2,5,3,1,10,0,0,,0,0,4,22,0,0,0,0,0,0,6,5,83.3,1,Matches
459,John Stones,,eng ENG,DF,Manchester City,27-299,1994,9.6,838,80,282,547,75,7,810,6,7,85.7,6,1,607,3923,2260,90,20,0,4,2,677,666,98.4,2,Matches
460,Pascal Struijk,,nl NED,DFMF,Leeds United,22-224,1999,19.8,1337,176,750,573,86,13,1292,4,5,80,4,0,765,4043,2140,31,4,0,4,11,850,817,96.1,8,Matches
461,Crysencio Summerville,,nl NED,MFFW,Leeds United,20-144,2001,1.4,85,2,16,26,47,7,84,3,6,50,3,0,70,341,148,11,0,1,2,5,73,57,78.1,12,Matches
462,Jakob Sorensen,,dk DEN,DFMF,Norwich City,24-020,1998,4.1,225,31,113,104,18,6,217,2,2,100,2,1,122,611,348,9,1,0,2,2,138,124,89.9,3,Matches
463,Japhet Tanganga,,eng ENG,DF,Tottenham,22-357,1999,8.2,502,47,181,242,115,11,448,3,6,50,3,1,283,1405,953,35,15,3,4,9,327,310,94.8,12,Matches
464,Matt Targett,,eng ENG,DF,Newcastle Utd,26-186,1995,7,448,32,142,192,129,9,348,3,5,60,3,0,207,734,337,17,7,0,5,3,219,206,94.1,11,Matches
465,Matt Targett,,eng ENG,DF,Aston Villa,26-186,1995,15.9,965,62,289,423,291,17,818,1,5,20,1,0,508,1905,1096,36,11,3,8,6,586,526,89.8,31,Matches
466,James Tarkowski,,eng ENG,DF,Burnley,29-124,1992,25,1136,226,590,501,79,49,1125,3,5,60,3,0,418,2037,914,15,3,0,10,3,526,482,91.6,7,Matches
467,Nuno Tavares,,pt POR,DF,Arsenal,22-056,2000,7,503,25,154,206,182,29,448,16,28,57.1,16,0,341,1785,1091,54,19,8,7,7,335,314,93.7,22,Matches
468,Charlie Taylor,,eng ENG,DF,Burnley,28-186,1993,19.3,1134,117,402,495,308,6,948,17,35,48.6,21,0,535,3774,1554,70,30,0,11,14,522,495,94.8,15,Matches
469,Nathan Tella,,eng ENG,MFFW,Southampton,22-261,1999,6.5,256,7,42,114,124,19,250,11,27,40.7,13,1,182,1067,609,25,11,5,28,18,241,148,61.4,28,Matches
470,Alex Telles,,br BRA,DF,Manchester Utd,29-098,1992,11.1,813,40,226,365,274,13,691,5,11,45.5,5,0,469,2054,1157,46,28,0,9,10,518,478,92.3,29,Matches
471,Luke Thomas,,eng ENG,DF,Leicester City,20-286,2001,17.2,1234,77,429,589,273,16,1041,13,25,52,17,0,689,2688,1381,51,21,3,21,17,731,694,94.9,25,Matches
472,Dominic Thompson,,eng ENG,DF,Brentford,21-240,2000,1.6,56,8,32,16,11,2,54,0,1,0,0,0,32,97,42,0,0,0,2,0,35,29,82.9,0,Matches
473,Youri Tielemans,,be BEL,MF,Leicester City,24-320,1997,20.1,1401,75,334,784,350,29,1327,14,22,63.6,15,0,907,3058,1813,76,29,4,20,25,1097,1001,91.2,46,Matches
474,Kieran Tierney,,sct SCO,DF,Arsenal,24-291,1997,21.3,1346,68,355,613,472,44,1165,11,25,44,13,1,849,4339,2638,111,39,9,16,8,901,836,92.8,59,Matches
475,Takehiro Tomiyasu,,jp JPN,DF,Arsenal,23-138,1998,15.4,1082,60,344,536,261,17,942,6,11,54.5,6,0,569,2568,1434,56,22,2,18,14,654,597,91.3,23,Matches
476,James Tomkins,,eng ENG,DF,Crystal Palace,32-359,1989,6.1,363,90,254,109,9,8,343,2,2,100,2,0,204,895,383,8,0,0,1,0,243,237,97.5,1,Matches
477,Ivan Toney,,eng ENG,FW,Brentford,26-007,1996,24.3,918,45,126,434,395,110,896,16,33,48.5,17,4,486,1847,910,42,12,7,71,42,1281,644,50.3,156,Matches
478,Ferran Torres,,es ESP,FW,Manchester City,22-022,2000,3.4,104,0,5,30,71,28,99,4,5,80,4,0,72,283,93,2,0,2,4,4,125,78,62.4,29,Matches
479,Cenk Tosun,,tr TUR,FW,Everton,30-289,1991,0.1,3,0,0,3,0,0,3,0,0,,0,0,2,13,0,0,0,0,1,0,5,2,40,0,Matches
480,Andros Townsend,,eng ENG,MF,Everton,30-250,1991,16.2,715,15,130,302,348,30,663,24,43,55.8,26,0,491,2804,1482,69,25,8,32,30,597,429,71.9,65,Matches
481,Adama Traore,,es ESP,FW,Wolves,26-057,1996,11.9,497,5,57,232,279,56,495,62,85,72.9,64,1,478,3606,2272,97,31,29,37,35,631,394,62.4,73,Matches
482,Bertrand Traore,,bf BFA,FWMF,Aston Villa,26-198,1995,2,99,0,4,50,55,12,97,10,21,47.6,12,4,87,516,208,14,3,4,7,1,116,77,66.4,17,Matches
483,Trezeguet,,eg EGY,FW,Aston Villa,27-173,1994,0.1,9,0,0,5,4,1,9,1,1,100,1,0,9,30,12,1,0,0,2,0,13,9,69.2,3,Matches
484,Francisco Trincao,,pt POR,FWMF,Wolves,22-084,1999,12.7,593,2,74,276,302,44,573,33,76,43.4,41,13,444,2335,1381,68,23,11,25,21,596,414,69.5,88,Matches
485,Kieran Trippier,,eng ENG,DF,Newcastle Utd,31-185,1990,3.5,250,15,76,109,73,0,183,0,1,0,0,0,104,307,164,6,2,0,1,3,98,94,95.9,3,Matches
486,William Troost-Ekong,,ng NGA,DF,Watford,28-203,1993,15.3,703,150,467,257,16,4,688,1,2,50,1,0,356,2208,1377,22,2,0,0,0,416,409,98.3,2,Matches
487,Leandro Trossard,,be BEL,FWMF,Brighton,27-109,1994,24.4,1242,11,136,488,698,130,1198,49,65,75.4,50,2,950,5332,2794,144,36,29,57,70,1208,935,77.4,164,Matches
488,Kostas Tsimikas,,gr GRE,DF,Liverpool,25-315,1996,7.4,571,27,135,211,266,25,474,7,13,53.8,7,2,344,1901,1030,61,23,6,4,9,370,337,91.1,42,Matches
489,Axel Tuanzebe,,eng ENG,DF,Aston Villa,24-129,1997,5.6,263,41,161,112,7,3,257,0,0,,0,0,155,908,419,4,0,0,2,0,179,172,96.1,1,Matches
490,Ozan Tufan,,tr TUR,MF,Watford,27-000,1995,3.7,151,5,26,87,50,9,141,2,3,66.7,2,0,82,465,194,7,4,1,5,5,125,88,70.4,14,Matches
491,Christos Tzolis,,gr GRE,FWMF,Norwich City,20-052,2002,3.4,126,3,21,52,60,17,125,0,4,0,0,0,96,574,379,20,6,7,8,4,134,94,70.1,25,Matches
492,Yan Valery,,fr FRA,DF,Southampton,23-029,1999,1.5,80,6,23,53,12,0,76,0,0,,0,0,52,338,196,7,3,0,1,1,43,43,100,0,Matches
493,Raphael Varane,,fr FRA,DF,Manchester Utd,28-332,1993,15.3,995,125,473,560,33,12,963,1,4,25,1,1,617,4304,2298,54,6,0,2,1,676,660,97.6,2,Matches
494,Jamie Vardy,,eng ENG,FW,Leicester City,35-071,1987,15.6,314,11,25,134,178,79,287,8,14,57.1,9,0,173,1133,710,41,12,17,16,10,547,217,39.7,90,Matches
495,Joel Veltman,,nl NED,DF,Brighton,30-067,1992,22.9,1664,126,610,777,371,19,1458,12,24,50,13,1,964,4539,1994,65,16,2,13,12,1025,977,95.3,15,Matches
496,Jannik Vestergaard,,dk DEN,DF,Leicester City,29-232,1992,6.3,438,96,266,179,8,3,428,3,3,100,3,0,284,1285,565,8,3,0,1,0,303,291,96,0,Matches
497,Nikola Vlasic,,hr CRO,FWMF,West Ham,24-170,1997,5.1,227,1,31,112,102,26,226,7,12,58.3,8,1,176,990,544,25,8,6,4,11,217,155,71.4,37,Matches
498,Matej Vydra,,cz CZE,FW,Burnley,29-326,1992,5,133,7,13,38,87,28,133,5,8,62.5,5,0,75,227,92,5,1,0,16,8,250,102,40.8,38,Matches
499,Theo Walcott,,eng ENG,MFFW,Southampton,33-007,1989,4.2,130,3,27,46,63,18,129,1,2,50,1,0,78,363,153,8,3,2,9,3,137,85,62,22,Matches
500,Kyle Walker,,eng ENG,DF,Manchester City,31-299,1990,17.5,1605,39,310,1020,373,20,1473,6,11,54.5,7,1,1176,5011,2208,87,35,6,12,6,1286,1234,96,25,Matches
501,Kyle Walker-Peters,,eng ENG,DF,Southampton,24-344,1997,20.3,1278,62,291,615,480,67,1098,37,58,63.8,38,0,853,5712,3606,179,58,27,22,33,819,741,90.5,60,Matches
502,Aaron Wan-Bissaka,,eng ENG,DF,Manchester Utd,24-117,1997,17.9,1236,76,429,557,332,21,1076,33,51,64.7,35,5,790,3695,2122,88,32,4,8,23,816,741,90.8,33,Matches
503,Joel Ward,,eng ENG,DF,Crystal Palace,32-145,1989,23,1697,118,655,809,318,9,1440,12,20,60,13,0,975,4571,2407,77,25,1,9,18,1028,991,96.4,10,Matches
504,James Ward-Prowse,,eng ENG,MF,Southampton,27-142,1994,26.7,1902,68,335,1043,606,20,1627,13,20,65,14,0,1042,3951,1826,83,23,2,9,25,1201,1104,91.9,32,Matches
505,Ollie Watkins,,eng ENG,FW,Aston Villa,26-083,1995,24.1,835,22,54,371,452,132,814,25,48,52.1,26,0,541,2416,1421,89,21,32,59,60,1138,630,55.4,190,Matches
506,Adam Webster,,eng ENG,DF,Brighton,27-078,1995,13,1125,102,569,559,104,11,1100,7,8,87.5,7,1,741,4478,2869,71,22,2,3,4,809,799,98.8,2,Matches
507,Wout Weghorst,,nl NED,FW,Burnley,29-228,1992,8.4,329,12,36,167,137,26,328,10,13,76.9,10,1,180,533,167,7,1,2,25,21,426,227,53.3,52,Matches
508,Danny Welbeck,,eng ENG,FWMF,Brighton,31-117,1990,8.1,232,7,18,84,145,41,231,5,13,38.5,6,0,146,691,360,24,6,7,28,19,326,175,53.7,54,Matches
509,Timo Werner,,de GER,FWMF,Chelsea,26-017,1996,8.2,306,2,23,117,189,66,299,7,22,31.8,10,2,242,1312,720,35,8,15,22,12,387,237,61.2,68,Matches
510,Ashley Westwood,,eng ENG,MF,Burnley,31-356,1990,22.1,1226,51,233,712,327,17,1092,8,17,47.1,8,0,672,2581,1186,30,15,1,18,12,782,711,90.9,21,Matches
511,Ben White,,eng ENG,DF,Arsenal,24-166,1997,26,1673,205,816,872,104,18,1630,7,16,43.8,8,2,1117,6006,3374,77,16,2,8,10,1144,1131,98.9,2,Matches
512,Brandon Williams,,eng ENG,DF,Norwich City,21-201,2000,21.5,1290,117,513,578,315,28,1119,15,31,48.4,17,0,759,4475,2542,77,33,6,27,28,764,707,92.5,28,Matches
513,Neco Williams,,wls WAL,DF,Liverpool,20-344,2001,0.1,8,0,2,2,4,1,7,2,2,100,2,0,8,34,22,2,0,1,0,0,7,7,100,2,Matches
514,Joe Willock,,eng ENG,MF,Newcastle Utd,22-215,1999,19.5,734,26,185,353,257,58,717,26,60,43.3,34,4,513,3119,1735,72,24,12,30,30,540,422,78.1,53,Matches
515,Callum Wilson,,eng ENG,FW,Newcastle Utd,30-024,1992,13.2,317,13,37,138,164,56,300,14,23,60.9,16,0,183,648,355,19,7,11,51,26,559,218,39,46,Matches
516,Harry Winks,,eng ENG,MF,Tottenham,26-049,1996,9.4,694,21,159,425,150,4,667,5,11,45.5,6,0,481,2424,1046,44,12,1,4,10,546,530,97.1,12,Matches
517,Yoane Wissa,,cd COD,FWMF,Brentford,25-201,1996,9.6,276,9,46,114,133,30,273,11,11,100,11,3,174,911,501,32,7,5,17,10,356,185,52,56,Matches
518,Chris Wood,,nz NZL,FW,Newcastle Utd,30-106,1991,10,344,7,28,185,142,38,340,4,7,57.1,4,0,119,357,162,9,3,0,44,9,445,273,61.3,59,Matches
519,Chris Wood,,nz NZL,FW,Burnley,30-106,1991,15.2,452,12,28,202,234,50,444,5,9,55.6,5,0,195,641,259,17,6,2,51,15,784,356,45.4,90,Matches
520,Freddie Woodman,,eng ENG,GK,Newcastle Utd,25-019,1997,4,128,123,128,0,0,0,79,0,0,,0,0,54,350,215,0,0,0,0,0,49,49,100,0,Matches
521,Granit Xhaka,,ch SUI,MF,Arsenal,29-177,1992,16.2,1005,41,201,589,263,35,980,11,16,68.8,11,0,656,3017,1570,67,15,3,12,11,759,711,93.7,42,Matches
522,Andriy Yarmolenko,,ua UKR,FWMF,West Ham,32-151,1989,1.9,99,3,16,36,55,14,97,1,4,25,3,0,67,470,273,12,4,5,2,5,104,74,71.2,19,Matches
523,Ashley Young,,eng ENG,DFFW,Aston Villa,36-257,1985,11.7,604,33,166,266,207,16,527,6,12,50,8,1,363,1665,996,45,14,5,13,6,441,379,85.9,30,Matches
524,Wilfried Zaha,,ci CIV,FW,Crystal Palace,29-133,1992,22.5,1147,12,122,552,583,112,1126,56,110,50.9,59,9,981,4937,2971,177,59,40,83,107,1284,869,67.7,175,Matches
525,Christoph Zimmermann,,de GER,DF,Norwich City,29-070,1993,0.5,16,1,10,9,1,0,16,0,0,,0,0,7,86,70,1,1,0,0,0,11,10,90.9,0,Matches
526,Oleksandr Zinchenko,,ua UKR,DF,Manchester City,25-098,1996,6.6,643,11,101,352,233,8,594,2,4,50,2,0,470,2174,1179,63,26,2,5,2,506,489,96.6,13,Matches
527,Hakim Ziyech,,ma MAR,FWMF,Chelsea,29-004,1993,10.7,666,9,66,265,369,50,628,23,39,59,24,5,511,2343,1147,66,21,15,19,27,563,460,81.7,87,Matches
528,Kurt Zouma,,fr FRA,DF,West Ham,27-147,1994,17.8,904,192,510,410,31,15,883,2,4,50,3,1,489,2478,1250,26,4,0,4,1,542,529,97.6,3,Matches
529,Martin Odegaard,,no NOR,MF,Arsenal,23-096,1998,21,1284,11,157,667,547,50,1200,14,24,58.3,14,0,916,4583,2374,136,43,9,32,34,1100,957,87,83,Matches
